/*
SQLyog Community v13.2.0 (64 bit)
MySQL - 10.6.15-MariaDB : Database - chat
*********************************************************************
*/

/*!40101 SET NAMES utf8 */;

/*!40101 SET SQL_MODE=''*/;

/*!40014 SET @OLD_UNIQUE_CHECKS=@@UNIQUE_CHECKS, UNIQUE_CHECKS=0 */;
/*!40014 SET @OLD_FOREIGN_KEY_CHECKS=@@FOREIGN_KEY_CHECKS, FOREIGN_KEY_CHECKS=0 */;
/*!40101 SET @OLD_SQL_MODE=@@SQL_MODE, SQL_MODE='NO_AUTO_VALUE_ON_ZERO' */;
/*!40111 SET @OLD_SQL_NOTES=@@SQL_NOTES, SQL_NOTES=0 */;
USE `chat`;

/*Data for the table `alarm` */

insert  into `alarm`(`id`,`source`,`target`,`type`,`chatId`,`socialId`,`created`,`isRead`) values 
(1,43,1,'chat','w_mwse0P',NULL,'2023-09-05 19:11:39',1),
(2,43,41,'reply',NULL,100,'2023-09-05 19:19:35',1),
(3,43,41,'like',NULL,100,'2023-09-05 19:35:37',1),
(4,43,58,'like',NULL,99,'2023-09-05 19:36:51',0),
(5,43,58,'reply',NULL,99,'2023-09-05 19:37:00',0),
(6,41,65,'chat','eLbTp_bn',NULL,'2023-08-02 02:48:18',1),
(7,41,65,'chat','eLbTp_bn',NULL,'2023-08-30 02:48:32',1),
(8,41,65,'like',NULL,102,'2023-09-01 03:28:39',1),
(9,41,65,'reply',NULL,102,'2023-09-05 03:35:57',1),
(10,41,65,'follow',NULL,NULL,'2023-09-06 03:38:56',1),
(11,65,43,'like',NULL,101,'2023-09-06 11:43:04',1),
(12,43,65,'chat','ysrFPb1I',NULL,'2023-09-06 12:46:20',1),
(13,43,65,'like',NULL,103,'2023-09-06 12:46:28',1),
(14,43,65,'reply',NULL,103,'2023-09-06 12:46:36',1),
(15,43,65,'like',NULL,104,'2023-09-06 12:46:38',1),
(16,43,65,'reply',NULL,104,'2023-09-06 12:46:43',1),
(17,43,65,'follow',NULL,NULL,'2023-09-06 12:46:45',1),
(18,65,43,'follow',NULL,NULL,'2023-09-07 01:16:23',1),
(19,65,41,'follow',NULL,NULL,'2023-09-07 01:25:55',1),
(20,65,43,'chat','ysrFPb1I',NULL,'2023-09-07 01:31:19',1),
(21,41,65,'chat','eLbTp_bn',NULL,'2023-09-07 01:50:00',1),
(22,41,65,'chat','eLbTp_bn',NULL,'2023-09-07 01:50:02',1),
(23,41,65,'chat','eLbTp_bn',NULL,'2023-09-07 01:50:16',1),
(24,41,65,'like',NULL,104,'2023-09-07 01:50:22',1),
(25,41,65,'reply',NULL,104,'2023-09-07 01:53:17',1),
(26,41,65,'reply',NULL,104,'2023-09-07 01:53:19',1),
(27,41,65,'like',NULL,103,'2023-09-07 01:53:25',1),
(28,65,41,'chat','eLbTp_bn',NULL,'2023-09-07 02:44:21',1),
(29,65,58,'like',NULL,99,'2023-09-07 02:58:52',0),
(30,65,58,'reply',NULL,99,'2023-09-07 02:58:54',0),
(31,65,41,'chat','eLbTp_bn',NULL,'2023-09-07 03:08:32',1),
(32,41,65,'chat','eLbTp_bn',NULL,'2023-09-07 18:05:55',1),
(33,41,65,'chat','eLbTp_bn',NULL,'2023-09-07 18:05:58',1),
(34,65,41,'chat','eLbTp_bn',NULL,'2023-09-07 18:06:07',1),
(35,65,41,'chat','eLbTp_bn',NULL,'2023-09-07 18:06:10',1),
(36,43,65,'chat','ysrFPb1I',NULL,'2023-09-09 17:37:24',1),
(37,43,65,'chat','ysrFPb1I',NULL,'2023-09-09 17:38:49',1),
(38,43,65,'chat','ysrFPb1I',NULL,'2023-09-09 17:39:25',1),
(39,43,65,'chat','ysrFPb1I',NULL,'2023-09-09 17:39:49',1),
(40,43,65,'chat','ysrFPb1I',NULL,'2023-09-09 17:40:54',1),
(41,43,65,'like',NULL,105,'2023-09-09 17:42:58',1),
(42,43,65,'reply',NULL,105,'2023-09-09 17:43:06',1),
(43,41,65,'chat','eLbTp_bn',NULL,'2023-09-09 18:28:53',1),
(44,41,65,'chat','eLbTp_bn',NULL,'2023-09-09 18:29:29',1),
(45,41,65,'chat','eLbTp_bn',NULL,'2023-09-09 18:31:11',1),
(46,41,65,'chat','eLbTp_bn',NULL,'2023-09-09 18:31:18',1),
(47,41,65,'like',NULL,105,'2023-09-09 18:31:53',1),
(48,41,65,'reply',NULL,102,'2023-09-09 18:32:02',1),
(49,41,65,'reply',NULL,102,'2023-09-09 18:33:12',1),
(50,43,65,'chat','ysrFPb1I',NULL,'2023-09-09 18:42:30',1),
(51,43,65,'chat','ysrFPb1I',NULL,'2023-09-09 18:42:48',1),
(52,43,65,'chat','ysrFPb1I',NULL,'2023-09-09 18:43:19',1),
(53,43,65,'chat','ysrFPb1I',NULL,'2023-09-09 18:45:34',1),
(54,43,65,'chat','ysrFPb1I',NULL,'2023-09-09 18:53:22',1),
(55,43,65,'chat','ysrFPb1I',NULL,'2023-09-09 18:54:43',1),
(56,43,65,'chat','ysrFPb1I',NULL,'2023-09-09 18:55:26',1),
(57,43,65,'chat','ysrFPb1I',NULL,'2023-09-09 19:01:02',1),
(58,43,65,'chat','ysrFPb1I',NULL,'2023-09-09 19:01:40',1),
(59,43,65,'chat','ysrFPb1I',NULL,'2023-09-09 19:02:38',1),
(60,43,65,'chat','ysrFPb1I',NULL,'2023-09-09 19:03:00',1),
(61,43,65,'chat','ysrFPb1I',NULL,'2023-09-09 19:04:14',1),
(62,43,65,'chat','ysrFPb1I',NULL,'2023-09-09 19:04:45',1),
(63,43,65,'chat','ysrFPb1I',NULL,'2023-09-09 19:04:49',1),
(64,43,65,'chat','ysrFPb1I',NULL,'2023-09-09 19:05:48',1),
(65,43,65,'chat','ysrFPb1I',NULL,'2023-09-09 19:06:37',1),
(66,43,65,'chat','ysrFPb1I',NULL,'2023-09-09 19:06:59',1),
(67,43,65,'chat','ysrFPb1I',NULL,'2023-09-09 19:08:01',1),
(68,43,65,'chat','ysrFPb1I',NULL,'2023-09-09 19:08:21',1),
(69,43,65,'chat','ysrFPb1I',NULL,'2023-09-09 19:09:14',1),
(70,43,65,'chat','ysrFPb1I',NULL,'2023-09-09 19:10:23',1),
(71,43,65,'chat','ysrFPb1I',NULL,'2023-09-09 19:13:20',1),
(72,43,65,'chat','ysrFPb1I',NULL,'2023-09-09 19:13:50',1),
(73,43,65,'chat','ysrFPb1I',NULL,'2023-09-09 19:14:21',1),
(74,43,65,'chat','ysrFPb1I',NULL,'2023-09-09 19:14:29',1),
(75,43,65,'chat','ysrFPb1I',NULL,'2023-09-09 19:15:37',1),
(76,43,65,'chat','ysrFPb1I',NULL,'2023-09-09 19:15:59',1),
(77,43,65,'chat','ysrFPb1I',NULL,'2023-09-09 19:16:13',1),
(78,43,65,'chat','ysrFPb1I',NULL,'2023-09-09 19:16:28',1),
(79,43,65,'chat','ysrFPb1I',NULL,'2023-09-09 19:16:33',1),
(80,43,65,'chat','ysrFPb1I',NULL,'2023-09-09 19:16:42',1),
(81,43,65,'chat','ysrFPb1I',NULL,'2023-09-09 19:16:55',1),
(82,43,65,'chat','ysrFPb1I',NULL,'2023-09-09 19:17:45',1),
(83,43,65,'chat','ysrFPb1I',NULL,'2023-09-09 19:18:06',1),
(84,43,65,'chat','ysrFPb1I',NULL,'2023-09-09 19:19:23',1),
(85,43,65,'chat','ysrFPb1I',NULL,'2023-09-09 19:43:43',1),
(86,43,65,'chat','ysrFPb1I',NULL,'2023-09-09 19:44:00',1),
(87,43,65,'chat','ysrFPb1I',NULL,'2023-09-09 19:44:19',1),
(88,43,65,'chat','ysrFPb1I',NULL,'2023-09-09 19:48:26',1),
(89,43,65,'chat','ysrFPb1I',NULL,'2023-09-10 12:52:48',1),
(90,43,65,'reply',NULL,105,'2023-09-10 12:53:06',1),
(91,1,65,'chat','zxPVnN2H',NULL,'2023-09-10 12:58:35',1),
(92,1,65,'chat','zxPVnN2H',NULL,'2023-09-10 13:04:54',1),
(93,1,65,'follow',NULL,NULL,'2023-09-10 13:05:08',1),
(94,1,65,'like',NULL,105,'2023-09-10 13:05:16',1),
(95,41,65,'chat','eLbTp_bn',NULL,'2023-09-10 14:04:49',1),
(96,41,65,'reply',NULL,105,'2023-09-10 14:05:09',1),
(97,41,65,'reply',NULL,105,'2023-09-10 14:06:10',1),
(98,41,65,'reply',NULL,105,'2023-09-10 14:07:21',1),
(99,41,65,'reply',NULL,105,'2023-09-10 14:08:30',1),
(100,41,65,'reply',NULL,105,'2023-09-10 14:09:23',1),
(101,41,65,'reply',NULL,105,'2023-09-10 14:09:36',1),
(102,41,65,'chat','eLbTp_bn',NULL,'2023-09-10 14:11:51',1),
(103,41,65,'reply',NULL,105,'2023-09-10 14:12:35',1),
(104,41,65,'reply',NULL,105,'2023-09-10 14:12:53',1),
(105,41,65,'reply',NULL,105,'2023-09-10 14:14:15',1),
(106,41,65,'reply',NULL,105,'2023-09-10 14:15:28',1),
(107,41,65,'reply',NULL,105,'2023-09-10 14:16:04',1),
(108,41,65,'reply',NULL,105,'2023-09-10 14:17:05',1),
(109,41,65,'reply',NULL,105,'2023-09-10 14:19:01',1),
(110,41,65,'reply',NULL,105,'2023-09-10 14:23:18',1),
(111,41,65,'reply',NULL,105,'2023-09-10 14:24:31',1),
(112,41,65,'reply',NULL,105,'2023-09-10 14:24:38',1),
(113,41,65,'reply',NULL,105,'2023-09-10 14:24:45',1),
(114,41,65,'reply',NULL,105,'2023-09-10 14:25:28',1),
(115,41,65,'reply',NULL,105,'2023-09-10 14:26:45',1),
(116,41,65,'reply',NULL,105,'2023-09-10 14:28:03',1),
(117,41,65,'reply',NULL,105,'2023-09-10 14:29:36',1),
(118,41,65,'chat','eLbTp_bn',NULL,'2023-09-10 15:44:57',1),
(119,41,65,'chat','eLbTp_bn',NULL,'2023-09-10 15:46:58',1),
(120,41,65,'chat','eLbTp_bn',NULL,'2023-09-10 15:47:18',1),
(121,41,65,'chat','eLbTp_bn',NULL,'2023-09-10 15:47:19',1),
(122,41,65,'chat','eLbTp_bn',NULL,'2023-09-10 15:47:57',1),
(123,41,65,'chat','eLbTp_bn',NULL,'2023-09-10 15:48:09',1),
(124,41,65,'chat','eLbTp_bn',NULL,'2023-09-10 15:49:36',1),
(125,41,65,'chat','eLbTp_bn',NULL,'2023-09-10 15:50:01',1),
(126,41,65,'reply',NULL,105,'2023-09-10 15:50:18',1),
(127,41,65,'reply',NULL,105,'2023-09-10 15:51:02',1),
(128,41,65,'chat','eLbTp_bn',NULL,'2023-09-10 15:51:16',1),
(129,41,65,'chat','eLbTp_bn',NULL,'2023-09-10 15:52:03',1),
(130,41,65,'chat','eLbTp_bn',NULL,'2023-09-10 15:52:04',1),
(131,41,65,'chat','eLbTp_bn',NULL,'2023-09-10 15:52:26',1),
(132,41,65,'chat','eLbTp_bn',NULL,'2023-09-10 15:52:35',1),
(133,41,65,'reply',NULL,105,'2023-09-10 15:52:49',1),
(134,41,65,'reply',NULL,105,'2023-09-10 15:52:56',1),
(135,41,65,'chat','eLbTp_bn',NULL,'2023-09-10 15:53:02',1),
(136,65,41,'like',NULL,100,'2023-09-10 16:24:15',1),
(137,65,41,'like',NULL,67,'2023-09-10 16:24:18',1),
(138,65,41,'like',NULL,18,'2023-09-10 16:24:20',1),
(139,65,41,'like',NULL,2,'2023-09-10 16:24:22',1),
(140,65,41,'chat','eLbTp_bn',NULL,'2023-09-10 16:24:30',1),
(141,65,58,'chat','VmVv8Dho',NULL,'2023-09-10 16:24:39',0),
(142,65,58,'chat','VmVv8Dho',NULL,'2023-09-10 16:24:41',0),
(143,65,58,'chat','VmVv8Dho',NULL,'2023-09-10 16:24:48',0),
(144,65,43,'like',NULL,32,'2023-09-10 18:33:51',0),
(145,65,43,'like',NULL,31,'2023-09-10 18:33:52',0),
(146,65,43,'like',NULL,30,'2023-09-10 18:33:53',0),
(147,65,43,'like',NULL,11,'2023-09-10 18:33:55',0),
(148,65,1,'like',NULL,1,'2023-09-10 18:36:27',0),
(149,65,1,'reply',NULL,1,'2023-09-10 18:36:32',0),
(150,65,1,'chat','zxPVnN2H',NULL,'2023-09-10 18:36:39',0),
(151,65,41,'chat','eLbTp_bn',NULL,'2023-09-10 23:21:33',1),
(152,65,41,'chat','eLbTp_bn',NULL,'2023-09-10 23:21:36',1),
(153,65,41,'chat','eLbTp_bn',NULL,'2023-09-10 23:21:37',1),
(154,65,41,'chat','eLbTp_bn',NULL,'2023-09-10 23:21:38',1),
(155,65,41,'chat','eLbTp_bn',NULL,'2023-09-10 23:21:39',1),
(156,65,41,'chat','eLbTp_bn',NULL,'2023-09-10 23:21:39',1),
(157,65,41,'chat','eLbTp_bn',NULL,'2023-09-10 23:21:39',1),
(158,65,41,'chat','eLbTp_bn',NULL,'2023-09-10 23:21:39',1),
(159,65,41,'chat','eLbTp_bn',NULL,'2023-09-10 23:21:40',1),
(160,65,41,'chat','eLbTp_bn',NULL,'2023-09-10 23:21:40',1),
(161,65,41,'chat','eLbTp_bn',NULL,'2023-09-10 23:21:40',1),
(162,65,41,'chat','eLbTp_bn',NULL,'2023-09-10 23:21:40',1),
(163,65,41,'chat','eLbTp_bn',NULL,'2023-09-10 23:21:40',1),
(164,65,41,'chat','eLbTp_bn',NULL,'2023-09-10 23:21:41',1),
(165,65,41,'chat','eLbTp_bn',NULL,'2023-09-10 23:21:41',1),
(166,65,41,'chat','eLbTp_bn',NULL,'2023-09-10 23:21:41',1),
(167,65,41,'chat','eLbTp_bn',NULL,'2023-09-10 23:21:41',1),
(168,65,41,'chat','eLbTp_bn',NULL,'2023-09-10 23:21:42',1),
(169,65,41,'chat','eLbTp_bn',NULL,'2023-09-10 23:21:42',1),
(170,65,41,'chat','eLbTp_bn',NULL,'2023-09-10 23:21:42',1),
(171,65,41,'chat','eLbTp_bn',NULL,'2023-09-10 23:21:42',1),
(172,65,41,'chat','eLbTp_bn',NULL,'2023-09-10 23:21:42',1),
(173,65,41,'chat','eLbTp_bn',NULL,'2023-09-10 23:21:43',1),
(174,65,41,'chat','eLbTp_bn',NULL,'2023-09-10 23:21:43',1),
(175,65,41,'chat','eLbTp_bn',NULL,'2023-09-10 23:21:43',1),
(176,65,41,'chat','eLbTp_bn',NULL,'2023-09-10 23:21:43',1),
(177,65,41,'chat','eLbTp_bn',NULL,'2023-09-10 23:21:43',1),
(178,65,41,'chat','eLbTp_bn',NULL,'2023-09-10 23:21:44',1),
(179,65,41,'chat','eLbTp_bn',NULL,'2023-09-10 23:21:44',1),
(180,65,41,'chat','eLbTp_bn',NULL,'2023-09-10 23:21:44',1),
(181,65,41,'chat','eLbTp_bn',NULL,'2023-09-10 23:21:44',1),
(182,65,41,'chat','eLbTp_bn',NULL,'2023-09-10 23:21:44',1),
(183,65,41,'chat','eLbTp_bn',NULL,'2023-09-10 23:23:02',1);

/*Data for the table `chat` */

insert  into `chat`(`id`,`creator`,`target`,`pined`,`lastChatId`,`status`,`created`,`modified`) values 
('-phqB9Tx',43,44,0,1609,'active','2023-07-30 18:58:26','2023-07-31 10:02:04'),
('-phqB9Tx',44,43,0,1609,'active','2023-07-30 18:58:26','2023-07-31 10:02:04'),
('0OyQqbbB',50,56,0,1792,'active','2023-07-30 20:02:12','2023-09-01 18:37:05'),
('0OyQqbbB',56,50,0,1792,'active','2023-07-30 20:02:12','2023-09-01 18:37:05'),
('1BhYvVL2',41,50,0,1804,'active','2023-09-01 18:37:24','2023-09-03 17:52:56'),
('1BhYvVL2',50,41,0,1804,'active','2023-09-01 18:37:24','2023-09-03 17:52:56'),
('2CLMzH9I',43,58,0,1817,'active','2023-08-27 22:30:32','2023-09-04 20:33:15'),
('2CLMzH9I',58,43,0,1817,'active','2023-08-27 22:30:32','2023-09-04 20:33:15'),
('9gPE62Mt',41,58,0,1777,'active','2023-08-21 00:45:42','2023-09-01 18:01:47'),
('9gPE62Mt',58,41,0,1777,'active','2023-08-21 00:45:42','2023-09-01 18:02:51'),
('9zb-7jhm',43,56,0,1636,'active','2023-07-30 17:24:53','2023-07-31 11:12:15'),
('9zb-7jhm',56,43,0,1636,'active','2023-07-30 17:24:53','2023-07-31 11:12:15'),
('BBE0WM-b',56,58,0,1644,'active','2023-07-31 14:24:45','2023-08-03 12:23:55'),
('BBE0WM-b',58,56,0,1644,'active','2023-07-31 14:24:45','2023-08-03 12:23:55'),
('cxRlYRbv',1,41,0,1728,'active','2023-08-05 12:52:18','2023-08-05 19:27:29'),
('cxRlYRbv',41,1,0,1728,'active','2023-08-05 12:52:18','2023-08-05 19:27:29'),
('eLbTp_bn',41,65,1,1928,'active','2023-09-03 19:17:59','2023-09-10 23:23:02'),
('eLbTp_bn',65,41,1,1928,'active','2023-09-03 19:17:59','2023-09-10 23:23:02'),
('fUNgO5wD',50,58,0,1696,'active','2023-08-03 23:00:06','2023-08-23 11:50:33'),
('fUNgO5wD',58,50,0,1696,'active','2023-08-03 23:00:06','2023-08-23 11:50:33'),
('gvAQsmgo',44,56,1,1773,'active','2023-07-30 18:58:07','2023-08-20 03:34:06'),
('gvAQsmgo',56,44,1,1773,'active','2023-07-30 18:58:07','2023-08-20 03:34:06'),
('ilUKt_eH',1,50,0,1770,'active','2023-08-04 00:57:52','2023-08-06 16:22:48'),
('ilUKt_eH',50,1,0,1770,'active','2023-08-04 00:57:52','2023-08-06 00:19:23'),
('LgrLmHj8',1,58,1,1778,'active','2023-08-03 16:49:52','2023-08-27 22:44:40'),
('LgrLmHj8',58,1,0,1778,'active','2023-08-03 16:49:52','2023-08-27 22:44:40'),
('VAFdL2ig',41,56,0,1791,'active','2023-07-30 22:16:27','2023-09-01 12:29:32'),
('VAFdL2ig',56,41,0,1791,'active','2023-07-30 22:16:27','2023-09-01 12:29:32'),
('vixVYysZ',1,44,0,NULL,'disable','2023-08-06 00:49:19','2023-08-06 00:49:19'),
('vixVYysZ',44,1,0,NULL,'active','2023-08-06 00:49:19','2023-08-06 00:49:19'),
('VmVv8Dho',58,65,1,1894,'active','2023-09-01 18:47:17','2023-09-10 16:24:48'),
('VmVv8Dho',65,58,0,1894,'active','2023-09-01 18:47:17','2023-09-10 16:24:48'),
('w_mwse0P',1,43,0,1832,'active','2023-08-03 17:51:05','2023-09-05 19:11:39'),
('w_mwse0P',43,1,0,1832,'active','2023-08-03 17:51:05','2023-09-05 19:11:39'),
('X_daJy3K',41,44,0,1780,'active','2023-08-29 17:25:59','2023-09-01 17:56:51'),
('X_daJy3K',44,41,0,1780,'active','2023-08-29 17:25:59','2023-09-01 17:56:51'),
('Y9c_4vQy',1,56,0,1750,'active','2023-08-05 19:51:56','2023-08-06 16:22:46'),
('Y9c_4vQy',56,1,0,1750,'active','2023-08-05 19:51:56','2023-08-05 20:37:07'),
('ysrFPb1I',43,65,0,1872,'active','2023-09-06 12:46:15','2023-09-10 12:52:48'),
('ysrFPb1I',65,43,0,1872,'active','2023-09-06 12:46:15','2023-09-10 12:52:48'),
('zxPVnN2H',1,65,0,1895,'active','2023-09-10 12:58:33','2023-09-10 18:36:39'),
('zxPVnN2H',65,1,0,1895,'active','2023-09-10 12:58:33','2023-09-10 18:36:39');

/*Data for the table `chat_message` */

insert  into `chat_message`(`id`,`chatId`,`userId`,`type`,`message`,`date`,`isRead`) values 
(1558,'9zb-7jhm',56,'text','ㅎㅇ','2023-07-30 17:24:58',1),
(1559,'9zb-7jhm',43,'text','ㅋㅋ','2023-07-30 17:28:03',1),
(1560,'9zb-7jhm',43,'text','엉망진창','2023-07-30 17:28:04',1),
(1561,'9zb-7jhm',43,'text','ㅎㅎㅎ','2023-07-30 17:52:41',1),
(1562,'9zb-7jhm',56,'text','ㅁㄴㅇㄹ','2023-07-30 17:55:28',1),
(1563,'9zb-7jhm',43,'text','ㅁㄴㅇㄹ','2023-07-30 17:55:34',1),
(1564,'9zb-7jhm',43,'text','ㅁㄴㅇㄹ','2023-07-30 17:56:04',1),
(1565,'9zb-7jhm',43,'text','ㅎㅎㅎ','2023-07-30 18:02:36',1),
(1566,'9zb-7jhm',43,'text','ggg','2023-07-30 18:07:36',1),
(1567,'9zb-7jhm',56,'href','naver.com','2023-07-30 18:10:06',1),
(1568,'9zb-7jhm',43,'href','google.com','2023-07-30 18:10:15',1),
(1569,'9zb-7jhm',56,'text','ggg','2023-07-30 18:10:28',1),
(1570,'9zb-7jhm',56,'text','ㅎㅎㅎ','2023-07-30 18:19:38',1),
(1571,'9zb-7jhm',43,'text','ㅎㅎㅎ','2023-07-30 18:19:51',1),
(1572,'9zb-7jhm',56,'text','ㅁㄴㅇㄹ','2023-07-30 18:29:26',1),
(1573,'9zb-7jhm',56,'text','ㅁㄴㅇㄹ','2023-07-30 18:29:35',1),
(1574,'9zb-7jhm',56,'text','ㄹㄹㄹ','2023-07-30 18:31:35',1),
(1575,'9zb-7jhm',56,'text','ㅁㅁ','2023-07-30 18:32:26',1),
(1576,'9zb-7jhm',43,'text','ㅁㅁㅁ','2023-07-30 18:32:38',1),
(1577,'9zb-7jhm',43,'text','ㅁㄴㅇㄹ','2023-07-30 18:34:23',1),
(1578,'9zb-7jhm',56,'text','ㅁㄴㅇㄹ','2023-07-30 18:34:26',1),
(1579,'9zb-7jhm',43,'text','ㅁㄴㅇㄹ','2023-07-30 18:34:34',1),
(1580,'9zb-7jhm',43,'text','ㅁㄴㅇㄹ','2023-07-30 18:34:59',1),
(1581,'9zb-7jhm',56,'text','ㅁㄴㅇㄹ','2023-07-30 18:35:05',1),
(1582,'9zb-7jhm',43,'text','ㅁㄴㅇㄹ','2023-07-30 18:35:10',1),
(1583,'9zb-7jhm',56,'text','text','2023-07-30 18:36:50',1),
(1584,'9zb-7jhm',56,'href','opengraph.com','2023-07-30 18:36:53',1),
(1585,'9zb-7jhm',56,'youtube','https://www.youtube.com/shorts/TWrMvIBTNjg','2023-07-30 18:37:10',1),
(1586,'9zb-7jhm',56,'image','1690709839485_tikitaka-mini.png','2023-07-30 18:37:19',1),
(1587,'9zb-7jhm',43,'text','text','2023-07-30 18:37:29',1),
(1588,'9zb-7jhm',43,'href','naver.com','2023-07-30 18:37:33',1),
(1589,'9zb-7jhm',43,'youtube','https://www.youtube.com/shorts/TWrMvIBTNjg','2023-07-30 18:37:34',1),
(1590,'9zb-7jhm',43,'image','1690709858776_tikitaka-mini.png','2023-07-30 18:37:38',1),
(1591,'9zb-7jhm',43,'text','ㅎㅎㅎ','2023-07-30 18:57:50',1),
(1592,'9zb-7jhm',43,'text','되겠지','2023-07-30 18:57:59',1),
(1593,'9zb-7jhm',43,'text','될거임','2023-07-30 18:58:12',1),
(1594,'gvAQsmgo',56,'text','마찬가지로','2023-07-30 18:58:31',1),
(1595,'9zb-7jhm',56,'text','마찬가지로','2023-07-30 18:58:37',1),
(1596,'9zb-7jhm',56,'text','될거임','2023-07-30 18:58:38',1),
(1597,'9zb-7jhm',56,'text','ㅎㅎㅎ','2023-07-30 19:37:21',1),
(1598,'9zb-7jhm',56,'href','instagram.com/seo.dev','2023-07-30 19:37:30',1),
(1599,'9zb-7jhm',43,'text','ㅋㅋㅋ','2023-07-30 20:02:36',1),
(1600,'VAFdL2ig',41,'text','ㅎㅇㅎㅇ','2023-07-30 22:16:29',1),
(1601,'VAFdL2ig',41,'text','반갑숩니다','2023-07-30 22:16:33',1),
(1602,'0OyQqbbB',56,'text','ㅇㅇㅇ','2023-07-30 22:53:53',1),
(1603,'0OyQqbbB',56,'text','그럴 수 있지','2023-07-30 22:53:55',1),
(1604,'0OyQqbbB',50,'text','ㅇㅇㅇ','2023-07-30 23:20:40',1),
(1605,'0OyQqbbB',50,'text','그럴 수 있지 뭐...','2023-07-30 23:20:42',1),
(1606,'0OyQqbbB',50,'text','ㅇㅇㅇㅇ','2023-07-30 23:48:56',1),
(1607,'gvAQsmgo',44,'text','찹찹찹찹찹','2023-07-31 09:50:21',1),
(1608,'gvAQsmgo',44,'text','챱챱챱','2023-07-31 10:01:58',1),
(1609,'-phqB9Tx',44,'text','나두나두','2023-07-31 10:02:04',1),
(1610,'gvAQsmgo',44,'text','잠에든다','2023-07-31 10:02:23',1),
(1611,'gvAQsmgo',44,'text','우이이잉','2023-07-31 10:09:43',1),
(1612,'gvAQsmgo',44,'text','됬다아ㅏㅏㅏㅏ','2023-07-31 10:09:48',1),
(1613,'gvAQsmgo',44,'href','instagram.com/seo.devv','2023-07-31 10:12:07',1),
(1614,'gvAQsmgo',44,'text','음오아 예','2023-07-31 10:12:32',1),
(1615,'gvAQsmgo',44,'href','naver.com','2023-07-31 10:12:37',1),
(1616,'gvAQsmgo',44,'href','instagram.com','2023-07-31 10:12:48',1),
(1617,'gvAQsmgo',44,'text','??','2023-07-31 10:12:54',1),
(1618,'gvAQsmgo',44,'href','instagram.com','2023-07-31 10:12:58',1),
(1619,'gvAQsmgo',44,'image','r_1690766004129_login_main.jpg','2023-07-31 10:13:24',1),
(1620,'gvAQsmgo',44,'href','naver.com','2023-07-31 10:13:54',1),
(1621,'gvAQsmgo',44,'href','instagram.com/gobzzang','2023-07-31 10:14:07',1),
(1622,'gvAQsmgo',44,'text','asdf','2023-07-31 10:14:41',1),
(1623,'gvAQsmgo',44,'text','ㅁㄴㅇㄹ','2023-07-31 10:20:21',1),
(1624,'gvAQsmgo',44,'href','www.google.com','2023-07-31 10:21:45',1),
(1625,'gvAQsmgo',44,'image','1690766511393_kakao.png','2023-07-31 10:21:51',1),
(1626,'gvAQsmgo',56,'text','text','2023-07-31 10:24:04',1),
(1627,'gvAQsmgo',56,'href','www.twitter.com','2023-07-31 10:24:12',1),
(1628,'gvAQsmgo',56,'image','1690766669717_tikitaka.png','2023-07-31 10:24:29',1),
(1629,'gvAQsmgo',56,'youtube','https://www.youtube.com/shorts/iUIyc03pvaE','2023-07-31 10:24:48',1),
(1630,'gvAQsmgo',44,'text','text','2023-07-31 10:27:14',1),
(1631,'gvAQsmgo',44,'text','github.채ㅡ','2023-07-31 10:27:34',1),
(1632,'gvAQsmgo',44,'href','github.com','2023-07-31 10:27:37',1),
(1633,'gvAQsmgo',56,'text','\\','2023-07-31 10:34:43',1),
(1634,'0OyQqbbB',56,'text','asdf\\df\\df\\','2023-07-31 11:10:50',1),
(1635,'gvAQsmgo',44,'text','asdf\\df\\df\\','2023-07-31 11:11:39',1),
(1636,'9zb-7jhm',56,'text','ㅇㅇ','2023-07-31 11:12:15',1),
(1637,'BBE0WM-b',58,'text','ㅎㅇㅎㅇ','2023-07-31 14:24:50',1),
(1638,'BBE0WM-b',56,'text','ㅎㅇㅎㅇ','2023-07-31 14:25:04',1),
(1639,'BBE0WM-b',58,'text','ㅋㅋㅋ','2023-07-31 14:25:07',1),
(1640,'BBE0WM-b',58,'image','1691030729504_naver.png','2023-08-03 11:45:29',1),
(1641,'VAFdL2ig',41,'text','asdflkj.asdf','2023-08-03 11:56:34',1),
(1642,'VAFdL2ig',41,'href','asdfasdfjkl.com','2023-08-03 11:56:36',1),
(1643,'VAFdL2ig',41,'href','seodevv.github.io','2023-08-03 11:56:47',1),
(1644,'BBE0WM-b',58,'image','1691033035162_kakao.png','2023-08-03 12:23:55',1),
(1645,'VAFdL2ig',41,'image','1691044963373_web.png','2023-08-03 15:42:43',1),
(1646,'VAFdL2ig',41,'image','r_1691044992542_STSCI-J-p22033b-4000px.jpg','2023-08-03 15:43:12',1),
(1647,'LgrLmHj8',1,'text','ㅇㅇ','2023-08-03 16:49:55',1),
(1648,'LgrLmHj8',1,'image','1691049000071_web.png','2023-08-03 16:50:00',1),
(1649,'w_mwse0P',1,'text','ggg','2023-08-03 17:51:07',1),
(1650,'w_mwse0P',1,'image','1691052671799_kakao.png','2023-08-03 17:51:11',1),
(1651,'w_mwse0P',1,'href','naver.com','2023-08-03 17:51:13',1),
(1652,'0OyQqbbB',50,'text','\\\\','2023-08-03 22:48:30',1),
(1653,'0OyQqbbB',50,'image','r_1691070580283_login_main.jpg','2023-08-03 22:49:40',1),
(1654,'fUNgO5wD',50,'text','ㅇㅇㅇ','2023-08-03 23:00:32',1),
(1655,'fUNgO5wD',50,'text','???','2023-08-03 23:00:51',1),
(1656,'fUNgO5wD',50,'text','??','2023-08-03 23:01:04',1),
(1657,'fUNgO5wD',58,'text','???','2023-08-03 23:01:10',1),
(1658,'fUNgO5wD',50,'text','ㅎㅎㅎ','2023-08-03 23:01:18',1),
(1659,'fUNgO5wD',50,'text',';;','2023-08-03 23:01:21',1),
(1660,'fUNgO5wD',50,'text','뭐지','2023-08-03 23:01:25',1),
(1661,'fUNgO5wD',50,'text','???','2023-08-03 23:01:46',1),
(1662,'fUNgO5wD',58,'text','ggg','2023-08-03 23:01:51',1),
(1663,'fUNgO5wD',58,'text','ㅎㅇ','2023-08-03 23:01:56',1),
(1664,'fUNgO5wD',50,'text','ㅎㅇㅎㅇ','2023-08-03 23:02:01',1),
(1665,'fUNgO5wD',58,'text','ㅇㅇ','2023-08-03 23:02:18',1),
(1666,'fUNgO5wD',50,'text','ㅇㅇ','2023-08-03 23:02:41',1),
(1667,'fUNgO5wD',50,'text','카카오','2023-08-03 23:03:06',1),
(1668,'fUNgO5wD',50,'text','되네 ?','2023-08-03 23:03:21',1),
(1669,'fUNgO5wD',58,'text','ㅁㄴㅇㄹ','2023-08-03 23:05:26',1),
(1670,'fUNgO5wD',50,'text','ㅁㄴㅇㄹ','2023-08-03 23:05:50',1),
(1671,'fUNgO5wD',50,'text','ㅋㅋㅋ','2023-08-03 23:07:13',1),
(1672,'fUNgO5wD',50,'text','ㅁㄴㅇㄹ','2023-08-03 23:08:17',1),
(1673,'fUNgO5wD',50,'text','ㅁㄴㅇㄹ','2023-08-03 23:14:14',1),
(1674,'fUNgO5wD',50,'text','ㅎㅎㅎ','2023-08-03 23:14:19',1),
(1675,'fUNgO5wD',58,'text','ㅎㅎㅎ','2023-08-03 23:14:26',1),
(1676,'fUNgO5wD',50,'text','ㅋㅋㅋ','2023-08-03 23:14:48',1),
(1677,'fUNgO5wD',50,'image','1691072199598_wallpaper_ironman_07.jpg','2023-08-03 23:16:39',1),
(1678,'fUNgO5wD',50,'text','두둥','2023-08-03 23:16:42',1),
(1679,'fUNgO5wD',50,'text','두둥탁','2023-08-03 23:17:36',1),
(1680,'fUNgO5wD',50,'text','ㅎㅎㅎ','2023-08-03 23:26:53',1),
(1681,'fUNgO5wD',50,'text','ㅇㅇㅇ','2023-08-03 23:27:47',1),
(1682,'fUNgO5wD',50,'text','ㅇㅇㅇ','2023-08-03 23:30:46',1),
(1683,'fUNgO5wD',50,'text','asdf','2023-08-03 23:33:56',1),
(1684,'fUNgO5wD',50,'text','ㅎㅎㅎ','2023-08-03 23:34:29',1),
(1685,'fUNgO5wD',50,'text','last','2023-08-03 23:34:49',1),
(1686,'fUNgO5wD',50,'text','ㅁㄴㅇㄹ','2023-08-03 23:35:54',1),
(1687,'fUNgO5wD',50,'text','zz','2023-08-03 23:39:25',1),
(1688,'fUNgO5wD',50,'text','ㅇㅇ','2023-08-03 23:39:50',1),
(1689,'fUNgO5wD',50,'text','z','2023-08-03 23:42:20',1),
(1690,'fUNgO5wD',50,'text','zz','2023-08-03 23:42:34',1),
(1691,'fUNgO5wD',50,'text','ㅁㄴㅇㄹ','2023-08-03 23:54:25',1),
(1692,'fUNgO5wD',50,'text','ㅁㄴㅇㄹ','2023-08-03 23:56:21',1),
(1693,'fUNgO5wD',50,'text','asdf','2023-08-03 23:56:36',1),
(1694,'fUNgO5wD',50,'text','ㅇㅇ','2023-08-03 23:57:38',1),
(1695,'fUNgO5wD',50,'text','바꿈','2023-08-03 23:57:52',1),
(1696,'fUNgO5wD',50,'text','ㅇ','2023-08-04 00:00:17',1),
(1697,'ilUKt_eH',1,'text','ㅇㅋ','2023-08-04 00:57:56',1),
(1698,'VAFdL2ig',56,'text','ㅋㅋㅋ','2023-08-04 15:44:58',1),
(1699,'VAFdL2ig',56,'text','잘됩니다','2023-08-04 15:45:07',1),
(1700,'VAFdL2ig',56,'text','잘되구요','2023-08-04 15:45:08',1),
(1701,'VAFdL2ig',56,'text','이제도 잘 될겁니다','2023-08-04 15:45:34',1),
(1702,'VAFdL2ig',56,'text','ㅇㅇ','2023-08-04 15:46:41',1),
(1703,'VAFdL2ig',56,'text','dddd','2023-08-04 15:54:59',1),
(1704,'VAFdL2ig',56,'text','ㅇㅇㅇ','2023-08-04 15:56:27',1),
(1705,'gvAQsmgo',56,'text','ㅁㄴㅇㄻㄴㅇ림낭ㄹ','2023-08-04 16:03:58',1),
(1706,'w_mwse0P',1,'text','asdfasdf','2023-08-05 02:44:23',1),
(1707,'cxRlYRbv',1,'text','ㅎㅎㅎ','2023-08-05 12:52:22',1),
(1708,'LgrLmHj8',58,'text','ㅁㄴㅇㄹ','2023-08-05 13:13:41',1),
(1709,'LgrLmHj8',1,'text','ㅇㅇ','2023-08-05 16:21:12',1),
(1710,'LgrLmHj8',58,'text','ㅁㄴㅇㄹ','2023-08-05 18:41:41',1),
(1711,'LgrLmHj8',58,'text','ㅋㅋㅋ','2023-08-05 18:41:55',1),
(1712,'LgrLmHj8',1,'text','ㅇㅇ','2023-08-05 18:47:02',1),
(1713,'LgrLmHj8',1,'text','ㅇㅇ','2023-08-05 18:47:29',1),
(1714,'LgrLmHj8',1,'text','ㅋㅋㅋ','2023-08-05 18:50:44',1),
(1715,'LgrLmHj8',1,'href','naver.com','2023-08-05 18:51:37',1),
(1716,'LgrLmHj8',1,'image','1691229227904_4YDYWEL.jpg','2023-08-05 18:53:47',1),
(1717,'LgrLmHj8',1,'text','ㅇㅇㅇ','2023-08-05 18:55:33',1),
(1718,'LgrLmHj8',1,'image','1691229510224_4YDYWEL.jpg','2023-08-05 18:58:30',1),
(1719,'LgrLmHj8',1,'image','1691229568684_4YDYWEL.jpg','2023-08-05 18:59:28',1),
(1720,'LgrLmHj8',1,'image','1691229623037_30-577x1024.png','2023-08-05 19:00:23',1),
(1721,'LgrLmHj8',1,'text','ㅎㅎㅎ','2023-08-05 19:09:07',1),
(1722,'LgrLmHj8',1,'image','1691230214029_4YDYWEL.jpg','2023-08-05 19:10:14',1),
(1723,'LgrLmHj8',1,'text','ㅇㅇ','2023-08-05 19:11:54',1),
(1724,'LgrLmHj8',58,'text','ㅇㅇㅇ','2023-08-05 19:22:14',1),
(1725,'LgrLmHj8',58,'text','ㅇㅇㅇ','2023-08-05 19:23:12',1),
(1726,'LgrLmHj8',1,'text','ㅇㅇㅇ','2023-08-05 19:23:19',1),
(1727,'LgrLmHj8',1,'text','ㅁㄴㅇㄹ','2023-08-05 19:27:21',1),
(1728,'cxRlYRbv',1,'image','1691231249264_4YDYWEL.jpg','2023-08-05 19:27:29',1),
(1729,'LgrLmHj8',58,'text','ㅇㅇㅇ','2023-08-05 19:29:16',1),
(1730,'LgrLmHj8',1,'text','ㅇㅇ','2023-08-05 19:35:45',1),
(1747,'Y9c_4vQy',56,'text','ㅇㅇㅇ','2023-08-05 19:53:56',1),
(1748,'Y9c_4vQy',56,'text','ㅁㄴㅇㄹ','2023-08-05 19:58:04',1),
(1749,'Y9c_4vQy',56,'text','ㅁㄴㅇㄹ','2023-08-05 20:13:28',1),
(1750,'Y9c_4vQy',56,'text','ㅁㄴㅇㄹ','2023-08-05 20:37:07',1),
(1751,'LgrLmHj8',58,'text','ㅇㅇ','2023-08-05 20:39:51',1),
(1752,'LgrLmHj8',1,'text','ㅁㄴㅇㄹ','2023-08-05 20:40:01',1),
(1753,'LgrLmHj8',58,'text','ㅁㄴㅇㄹ','2023-08-05 20:57:06',1),
(1754,'LgrLmHj8',58,'text','ㅋㅋㅋ','2023-08-05 21:02:52',1),
(1755,'LgrLmHj8',58,'text','ㅎㅇㅎㅇ','2023-08-05 21:05:55',1),
(1756,'LgrLmHj8',58,'text','이 정도면 되려나 ?','2023-08-05 21:06:01',1),
(1757,'LgrLmHj8',58,'text','ㅇㅋ','2023-08-05 21:06:24',1),
(1758,'LgrLmHj8',58,'text','이 정도면 될듯 하다','2023-08-05 21:06:28',1),
(1759,'LgrLmHj8',58,'image','1691237194864_4YDYWEL.jpg','2023-08-05 21:06:34',1),
(1760,'LgrLmHj8',1,'text','이게 아닌데','2023-08-05 21:09:39',1),
(1761,'LgrLmHj8',1,'text','이게 아니야아ㅏㅏㅏㅏㅏㅏㅏㅏㅏㅏ','2023-08-05 21:09:42',1),
(1762,'LgrLmHj8',1,'text','ㅁㄴㅇㄹ','2023-08-05 21:10:03',1),
(1763,'LgrLmHj8',58,'text','ㅁㄴㅇㄹ','2023-08-05 21:55:00',1),
(1764,'LgrLmHj8',1,'text','ㅋㅋㅋ','2023-08-05 21:55:11',1),
(1765,'LgrLmHj8',58,'text','ㅁㄴㅇㄹ','2023-08-05 21:55:51',1),
(1766,'LgrLmHj8',1,'text','ㅁㄴㅇㄹ','2023-08-05 23:54:55',1),
(1767,'LgrLmHj8',58,'text','ㅇㅇ','2023-08-05 23:57:59',1),
(1768,'LgrLmHj8',1,'text','ㅇㅇ','2023-08-05 23:58:08',1),
(1769,'LgrLmHj8',58,'text','ㅁㄴㅇㄹ','2023-08-06 00:04:40',1),
(1770,'ilUKt_eH',1,'text','ㅇㅋㄷㅋ','2023-08-06 00:19:23',1),
(1771,'LgrLmHj8',1,'text','??','2023-08-10 00:55:46',1),
(1772,'0OyQqbbB',50,'text','님님','2023-08-17 13:01:41',1),
(1773,'gvAQsmgo',44,'text','ㅇㅇㅇ......','2023-08-20 03:34:06',1),
(1774,'9gPE62Mt',41,'text','ㅎㅎㅎ','2023-08-21 00:45:49',1),
(1775,'9gPE62Mt',41,'text','ㅎㅇㅎㅇ','2023-08-21 00:45:52',1),
(1776,'9gPE62Mt',58,'text','오랜만에 해도 잘되네','2023-08-21 00:45:57',1),
(1777,'9gPE62Mt',58,'text','ㅋㅋㅋ','2023-08-21 00:45:59',1),
(1778,'LgrLmHj8',58,'text','ㅎㅎ','2023-08-27 22:44:40',1),
(1779,'2CLMzH9I',58,'href','http://www.naver.com','2023-08-27 22:46:05',1),
(1780,'X_daJy3K',41,'text','ㅎㅇㅎㅇ','2023-08-29 17:26:02',1),
(1781,'0OyQqbbB',50,'text','님님님','2023-08-30 14:32:12',1),
(1782,'2CLMzH9I',58,'href','음 여기 가서 보면 https://www.instagram.com/reel/CwCq6AiAjUG/?utm_source=ig_web_copy_link&igshid=MzRlODBiNWFlZA==','2023-08-30 20:28:11',1),
(1783,'2CLMzH9I',58,'href','이것도 https://www.instagram.com/p/Cv_xx30yajf/?utm_source=ig_web_copy_link&igshid=MzRlODBiNWFlZA==','2023-08-30 20:32:42',1),
(1784,'2CLMzH9I',58,'href','음.. https://www.instagram.com/reel/Cui3KdxAw9t/?utm_source=ig_web_copy_link&igshid=MzRlODBiNWFlZA==','2023-08-30 20:36:40',1),
(1785,'2CLMzH9I',58,'href','ㅗㅜㅑ https://www.instagram.com/p/Cug4T-pSaoW/?utm_source=ig_web_copy_link&igshid=MzRlODBiNWFlZA==','2023-08-30 20:40:32',1),
(1786,'2CLMzH9I',58,'href','이제 되려나? https://www.instagram.com/p/CsaOFDcSvTC/?utm_source=ig_web_copy_link&igshid=MzRlODBiNWFlZA==','2023-08-30 20:44:47',1),
(1787,'2CLMzH9I',58,'href','ㅋㅋㅋ 됬네 됬어 후 google.com','2023-08-30 20:45:33',1),
(1788,'2CLMzH9I',58,'href','이렇게 instagram.com/hyroro91 해보면','2023-08-30 20:46:08',1),
(1789,'2CLMzH9I',58,'href','뭐이렇게 길어 instagram.com/arrrr 그치?','2023-08-30 20:46:47',1),
(1790,'VAFdL2ig',56,'text','둘다 되려나?','2023-09-01 12:29:29',1),
(1791,'VAFdL2ig',56,'text','올ㅋ','2023-09-01 12:29:32',1),
(1792,'0OyQqbbB',50,'text','ㅇㅇㅇ','2023-09-01 18:37:05',1),
(1793,'1BhYvVL2',41,'text','ㅎㅇㅎㅇ','2023-09-01 18:37:27',1),
(1794,'1BhYvVL2',41,'text','ㅋㅋㅋ','2023-09-01 18:37:31',1),
(1795,'1BhYvVL2',50,'text','ㅎㅇㅎㅇ','2023-09-01 18:37:38',1),
(1796,'1BhYvVL2',50,'image','1693561064231_26ffdde9810a84e6e9cb782b7bb0eef5_t.jpeg','2023-09-01 18:37:44',1),
(1797,'1BhYvVL2',50,'text','귀엽찡','2023-09-01 18:37:47',1),
(1798,'1BhYvVL2',41,'text','ㅇㅇ 귀엽당','2023-09-01 18:38:02',1),
(1799,'1BhYvVL2',50,'text','테스트','2023-09-01 18:40:07',1),
(1800,'1BhYvVL2',50,'href','instagram.com/dlwlrma','2023-09-01 18:40:17',1),
(1801,'1BhYvVL2',50,'youtube','https://youtube.com/shorts/K5WqDpCW7uE?si=iTSfOYI7uexJiZbL','2023-09-01 18:41:19',1),
(1802,'1BhYvVL2',50,'image','1693561310133_26ffdde9810a84e6e9cb782b7bb0eef5_t.jpeg','2023-09-01 18:41:50',1),
(1803,'1BhYvVL2',50,'text','잘된당','2023-09-01 18:41:53',1),
(1804,'1BhYvVL2',41,'text','이게 맞나','2023-09-03 17:52:56',0),
(1805,'eLbTp_bn',65,'text','ㅎㅇㅎㅇ','2023-09-03 19:18:06',1),
(1806,'eLbTp_bn',65,'href','naver.com','2023-09-03 19:20:03',1),
(1807,'eLbTp_bn',65,'image','1693736411723_9232f6b3ed4b7fa77f72b927eee9fb6f_t.jpeg','2023-09-03 19:20:11',1),
(1808,'eLbTp_bn',41,'text','와','2023-09-03 19:20:37',1),
(1809,'eLbTp_bn',41,'text','진짜 인간','2023-09-03 19:20:40',1),
(1810,'eLbTp_bn',41,'text','승리...','2023-09-03 19:21:40',1),
(1811,'eLbTp_bn',41,'text','ㅎㅎㅎ','2023-09-03 19:21:43',1),
(1812,'2CLMzH9I',43,'href','http://www.naver.com','2023-09-04 03:13:11',0),
(1813,'2CLMzH9I',43,'href','instagram.com/seo.devv','2023-09-04 03:35:20',0),
(1814,'2CLMzH9I',43,'text','ㅁㄴㅇㄹ','2023-09-04 20:30:35',0),
(1815,'2CLMzH9I',43,'text','ㅎㅎㅎ','2023-09-04 20:31:21',0),
(1816,'2CLMzH9I',43,'text','ddd','2023-09-04 20:32:19',0),
(1817,'2CLMzH9I',43,'text','ddd','2023-09-04 20:33:15',0),
(1818,'w_mwse0P',43,'href','http://www.naver.com','2023-09-04 22:32:29',1),
(1819,'w_mwse0P',43,'text','http://localhost:5500/social','2023-09-05 00:40:36',1),
(1820,'w_mwse0P',43,'text','\'','2023-09-05 12:43:42',1),
(1821,'w_mwse0P',43,'text','\'','2023-09-05 12:43:58',1),
(1822,'w_mwse0P',43,'text','\'','2023-09-05 12:47:34',1),
(1823,'w_mwse0P',43,'text','&#34','2023-09-05 12:49:01',1),
(1824,'w_mwse0P',43,'text','\"','2023-09-05 12:50:14',1),
(1825,'w_mwse0P',43,'text','\'','2023-09-05 12:50:16',1),
(1826,'w_mwse0P',43,'text','\\\\','2023-09-05 12:50:19',1),
(1827,'w_mwse0P',43,'text','\\','2023-09-05 12:50:31',1),
(1828,'w_mwse0P',43,'text','어렵지 않네..','2023-09-05 12:50:59',1),
(1829,'w_mwse0P',43,'text','!@#$%^&*()_+|}{?><\":,./;\'[]\\=-0987654321`~\\','2023-09-05 12:51:21',1),
(1830,'w_mwse0P',43,'text',' ','2023-09-05 17:54:55',1),
(1831,'w_mwse0P',43,'text','ㅎㅎ','2023-09-05 18:05:09',1),
(1832,'w_mwse0P',43,'text','[]','2023-09-05 19:11:39',1),
(1833,'eLbTp_bn',41,'text','ㅎㅇㅎㅇ','2023-09-06 02:48:18',1),
(1834,'eLbTp_bn',41,'text','ㅂㅇㅂㅇ','2023-09-06 02:48:32',1),
(1835,'ysrFPb1I',43,'text','오징어는 오징오징','2023-09-06 12:46:20',1),
(1836,'ysrFPb1I',65,'text','ㅎㅇㅎㅇ','2023-09-07 01:31:19',1),
(1837,'eLbTp_bn',41,'text','ㅎㅎㅎ','2023-09-07 01:50:00',1),
(1838,'eLbTp_bn',41,'text','ㅎㅇㅎㅇ','2023-09-07 01:50:02',1),
(1839,'eLbTp_bn',41,'text','ㅁㄴㅇㄹ','2023-09-07 01:50:16',1),
(1840,'eLbTp_bn',65,'text','ㅎㅇㅎㅇ','2023-09-07 02:44:21',1),
(1841,'eLbTp_bn',65,'text','ㅎㅇㅎㅇ','2023-09-07 03:08:32',1),
(1842,'eLbTp_bn',41,'text','ghgh','2023-09-07 18:05:55',1),
(1843,'eLbTp_bn',41,'text','호호호','2023-09-07 18:05:58',1),
(1844,'eLbTp_bn',65,'text','키야아','2023-09-07 18:06:07',1),
(1845,'eLbTp_bn',65,'text','지린당','2023-09-07 18:06:10',1),
(1846,'ysrFPb1I',43,'text','ㅎㅇㅎㅇ','2023-09-09 17:37:24',1),
(1847,'ysrFPb1I',43,'text','ㅎㅇㅎㅇ','2023-09-09 17:38:49',1),
(1848,'ysrFPb1I',43,'text','ㅎㅇㅎㅇ','2023-09-09 17:39:25',1),
(1849,'ysrFPb1I',43,'text','ㅎㅇㅎㅇ','2023-09-09 17:39:49',1),
(1850,'ysrFPb1I',43,'text','ㅎㅇㅎㅇ','2023-09-09 17:40:54',1),
(1851,'eLbTp_bn',41,'text','알람알람','2023-09-09 18:28:53',1),
(1852,'eLbTp_bn',41,'text','알람알람','2023-09-09 18:29:29',1),
(1853,'eLbTp_bn',41,'text','ㅎㅇㅎㅇ','2023-09-09 18:31:11',1),
(1854,'eLbTp_bn',41,'text','알람알람','2023-09-09 18:31:18',1),
(1855,'ysrFPb1I',43,'text','\\','2023-09-09 18:42:30',1),
(1856,'ysrFPb1I',43,'text','알람','2023-09-09 18:42:48',1),
(1857,'ysrFPb1I',43,'text','ㅇ','2023-09-09 18:43:20',1),
(1858,'ysrFPb1I',43,'text','알람쓰','2023-09-09 18:45:34',1),
(1859,'ysrFPb1I',43,'text','알람알람','2023-09-09 18:53:22',1),
(1860,'ysrFPb1I',43,'text','ㅇㄹㅇㄹ','2023-09-09 18:54:43',1),
(1861,'ysrFPb1I',43,'text','ㅇㄹㅇㄹ','2023-09-09 18:55:26',1),
(1862,'ysrFPb1I',43,'text','ㅎㅎ','2023-09-09 19:13:20',1),
(1863,'ysrFPb1I',43,'text','ㅎㅎㅎ','2023-09-09 19:15:37',1),
(1864,'ysrFPb1I',43,'text','ㅎㅎㅎ','2023-09-09 19:15:59',1),
(1865,'ysrFPb1I',43,'text','ㅎㅎㅎ','2023-09-09 19:16:55',1),
(1866,'ysrFPb1I',43,'text','ㅎㅎㅎ','2023-09-09 19:18:06',1),
(1867,'ysrFPb1I',43,'text','ㅎㅎ','2023-09-09 19:19:23',1),
(1868,'ysrFPb1I',43,'text','ㅎㅇㅎ','2023-09-09 19:43:43',1),
(1869,'ysrFPb1I',43,'text','ㅎㅇㅎㅇ','2023-09-09 19:44:00',1),
(1870,'ysrFPb1I',43,'text','ㅎㅇㅎㅇ','2023-09-09 19:44:19',1),
(1871,'ysrFPb1I',43,'text','ㅎㅇㅎㅇ','2023-09-09 19:48:26',1),
(1872,'ysrFPb1I',43,'text','알람','2023-09-10 12:52:48',1),
(1873,'zxPVnN2H',1,'text','ㅇㅇ','2023-09-10 12:58:35',1),
(1874,'zxPVnN2H',1,'text','ㅎㅇㅎㅇ','2023-09-10 13:04:54',1),
(1875,'eLbTp_bn',41,'text','ㅎㅇㅎㅇ','2023-09-10 14:04:49',1),
(1876,'eLbTp_bn',41,'text','알람','2023-09-10 14:11:51',1),
(1877,'eLbTp_bn',41,'text','ㅎㅇㅎㅇ','2023-09-10 15:44:57',1),
(1878,'eLbTp_bn',41,'text','gg','2023-09-10 15:46:58',1),
(1879,'eLbTp_bn',41,'text','ㅎㅎ','2023-09-10 15:47:18',1),
(1880,'eLbTp_bn',41,'text','ㅁㄴㅇㄹ','2023-09-10 15:47:19',1),
(1881,'eLbTp_bn',41,'text','asdf','2023-09-10 15:47:57',1),
(1882,'eLbTp_bn',41,'text','ㅁㄴㅇㄹ','2023-09-10 15:48:09',1),
(1883,'eLbTp_bn',41,'text','asdf','2023-09-10 15:49:36',1),
(1884,'eLbTp_bn',41,'text','ㅁㄴㅇㄹ','2023-09-10 15:50:01',1),
(1885,'eLbTp_bn',41,'text','ㅁㄴㅇㄹ','2023-09-10 15:51:16',1),
(1886,'eLbTp_bn',41,'text','됬다','2023-09-10 15:52:03',1),
(1887,'eLbTp_bn',41,'text','안됬다가','2023-09-10 15:52:04',1),
(1888,'eLbTp_bn',41,'text','흠','2023-09-10 15:52:26',1),
(1889,'eLbTp_bn',41,'text','뭐가 뭔지','2023-09-10 15:52:35',1),
(1890,'eLbTp_bn',41,'text','?','2023-09-10 15:53:02',1),
(1891,'eLbTp_bn',65,'text','ㅎㅎ','2023-09-10 16:24:30',1),
(1892,'VmVv8Dho',65,'text','zzz','2023-09-10 16:24:39',0),
(1893,'VmVv8Dho',65,'href','naver.com','2023-09-10 16:24:41',0),
(1894,'VmVv8Dho',65,'href','instagram.com/seo.devv','2023-09-10 16:24:48',0),
(1895,'zxPVnN2H',65,'text','뙤쓰','2023-09-10 18:36:39',0),
(1896,'eLbTp_bn',65,'text','메모리','2023-09-10 23:21:33',1),
(1897,'eLbTp_bn',65,'text','ㅁ증가폭을','2023-09-10 23:21:36',1),
(1898,'eLbTp_bn',65,'text','알아보자','2023-09-10 23:21:37',1),
(1899,'eLbTp_bn',65,'text','ㅁㄴㅇㄹ','2023-09-10 23:21:38',1),
(1900,'eLbTp_bn',65,'text','ㅁㄴㅇㄹ','2023-09-10 23:21:39',1),
(1901,'eLbTp_bn',65,'text','ㅁㄴㅇㄹ','2023-09-10 23:21:39',1),
(1902,'eLbTp_bn',65,'text','ㅁㄴㅇㄹ','2023-09-10 23:21:39',1),
(1903,'eLbTp_bn',65,'text','ㅁㄴㅇㄹ','2023-09-10 23:21:39',1),
(1904,'eLbTp_bn',65,'text','ㅁㄴㅇㄹ','2023-09-10 23:21:40',1),
(1905,'eLbTp_bn',65,'text','ㅁㄴㅇㄹ','2023-09-10 23:21:40',1),
(1906,'eLbTp_bn',65,'text','ㅁㄴㅇㄹ','2023-09-10 23:21:40',1),
(1907,'eLbTp_bn',65,'text','ㅁㄴㅇㄹ','2023-09-10 23:21:40',1),
(1908,'eLbTp_bn',65,'text','ㅁㄴㅇㄹ','2023-09-10 23:21:40',1),
(1909,'eLbTp_bn',65,'text','ㅁㄴㅇㄹ','2023-09-10 23:21:41',1),
(1910,'eLbTp_bn',65,'text','ㅁㄴㅇㄹ','2023-09-10 23:21:41',1),
(1911,'eLbTp_bn',65,'text','ㅁㄴㅇㄹ','2023-09-10 23:21:41',1),
(1912,'eLbTp_bn',65,'text','ㅁㄴㅇㄹ','2023-09-10 23:21:41',1),
(1913,'eLbTp_bn',65,'text','ㅁㄴㅇㄹ','2023-09-10 23:21:42',1),
(1914,'eLbTp_bn',65,'text','ㅁㄴㅇㄹ','2023-09-10 23:21:42',1),
(1915,'eLbTp_bn',65,'text','ㅁㄴㅇㄹ','2023-09-10 23:21:42',1),
(1916,'eLbTp_bn',65,'text','ㅁㄴㅇㄹ','2023-09-10 23:21:42',1),
(1917,'eLbTp_bn',65,'text','ㅁㄴㅇㄹ','2023-09-10 23:21:42',1),
(1918,'eLbTp_bn',65,'text','ㅁㄴㅇㄹ','2023-09-10 23:21:43',1),
(1919,'eLbTp_bn',65,'text','ㅁㄴㅇㄹ','2023-09-10 23:21:43',1),
(1920,'eLbTp_bn',65,'text','ㅁㄴㅇㄹ','2023-09-10 23:21:43',1),
(1921,'eLbTp_bn',65,'text','ㅁㄴㅇㄹ','2023-09-10 23:21:43',1),
(1922,'eLbTp_bn',65,'text','ㅁㄴㅇㄹ','2023-09-10 23:21:43',1),
(1923,'eLbTp_bn',65,'text','ㅁㄴㅇㄹ','2023-09-10 23:21:44',1),
(1924,'eLbTp_bn',65,'text','ㅁㄴㅇㄹ','2023-09-10 23:21:44',1),
(1925,'eLbTp_bn',65,'text','ㅁㄴㅇㄹ','2023-09-10 23:21:44',1),
(1926,'eLbTp_bn',65,'text','ㅁㄴㅇㄹ','2023-09-10 23:21:44',1),
(1927,'eLbTp_bn',65,'text','ㅁㄴㅇㄹ','2023-09-10 23:21:44',1),
(1928,'eLbTp_bn',65,'youtube','https://youtu.be/90PD8jofzDw?si=kD0LVVySVCXYf2sN','2023-09-10 23:23:02',1);

/*Data for the table `emojis` */

insert  into `emojis`(`id`,`type`,`unicode`,`desc`) values 
(823,'emoticons','1F601','grinning face with smiling eyes'),
(824,'emoticons','1F602','face with tears of joy'),
(825,'emoticons','1F603','smiling face with open mouth'),
(826,'emoticons','1F604','smiling face with open mouth and smiling eyes'),
(827,'emoticons','1F605','smiling face with open mouth and cold sweat'),
(828,'emoticons','1F606','smiling face with open mouth and tightly-closed eyes'),
(829,'emoticons','1F609','winking face'),
(830,'emoticons','1F60A','smiling face with smiling eyes'),
(831,'emoticons','1F60B','face savouring delicious food'),
(832,'emoticons','1F60C','relieved face'),
(833,'emoticons','1F60D','smiling face with heart-shaped eyes'),
(834,'emoticons','1F60F','smirking face'),
(835,'emoticons','1F612','unamused face'),
(836,'emoticons','1F613','face with cold sweat'),
(837,'emoticons','1F614','pensive face'),
(838,'emoticons','1F616','confounded face'),
(839,'emoticons','1F618','face throwing a kiss'),
(840,'emoticons','1F61A','kissing face with closed eyes'),
(841,'emoticons','1F61C','face with stuck-out tongue and winking eye'),
(842,'emoticons','1F61D','face with stuck-out tongue and tightly-closed eyes'),
(843,'emoticons','1F61E','disappointed face'),
(844,'emoticons','1F620','angry face'),
(845,'emoticons','1F621','pouting face'),
(846,'emoticons','1F622','crying face'),
(847,'emoticons','1F623','persevering face'),
(848,'emoticons','1F624','face with look of triumph'),
(849,'emoticons','1F625','disappointed but relieved face'),
(850,'emoticons','1F628','fearful face'),
(851,'emoticons','1F629','weary face'),
(852,'emoticons','1F62A','sleepy face'),
(853,'emoticons','1F62B','tired face'),
(854,'emoticons','1F62D','loudly crying face'),
(855,'emoticons','1F630','face with open mouth and cold sweat'),
(856,'emoticons','1F631','face screaming in fear'),
(857,'emoticons','1F632','astonished face'),
(858,'emoticons','1F633','flushed face'),
(859,'emoticons','1F635','dizzy face'),
(860,'emoticons','1F637','face with medical mask'),
(861,'emoticons','1F600','grinning face'),
(862,'emoticons','1F607','smiling face with halo'),
(863,'emoticons','1F608','smiling face with horns'),
(864,'emoticons','1F60E','smiling face with sunglasses'),
(865,'emoticons','1F610','neutral face'),
(866,'emoticons','1F611','expressionless face'),
(867,'emoticons','1F615','confused face'),
(868,'emoticons','1F617','kissing face'),
(869,'emoticons','1F619','kissing face with smiling eyes'),
(870,'emoticons','1F61B','face with stuck-out tongue'),
(871,'emoticons','1F61F','worried face'),
(872,'emoticons','1F626','frowning face with open mouth'),
(873,'emoticons','1F627','anguished face'),
(874,'emoticons','1F62C','grimacing face'),
(875,'emoticons','1F62E','face with open mouth'),
(876,'emoticons','1F62F','hushed face'),
(877,'emoticons','1F634','sleeping face'),
(878,'emoticons','1F636','face without mouth'),
(880,'emoticons','1F638','grinning cat face with smiling eyes'),
(881,'emoticons','1F639','cat face with tears of joy'),
(882,'emoticons','1F63A','smiling cat face with open mouth'),
(883,'emoticons','1F63B','smiling cat face with heart-shaped eyes'),
(884,'emoticons','1F63C','cat face with wry smile'),
(885,'emoticons','1F63D','kissing cat face with closed eyes'),
(886,'emoticons','1F63E','pouting cat face'),
(887,'emoticons','1F63F','crying cat face'),
(888,'emoticons','1F640','weary cat face'),
(889,'emoticons','1F645','face with no good gesture'),
(890,'emoticons','1F646','face with ok gesture'),
(891,'emoticons','1F647','person bowing deeply'),
(892,'emoticons','1F648','see-no-evil monkey'),
(893,'emoticons','1F649','hear-no-evil monkey'),
(894,'emoticons','1F64A','speak-no-evil monkey'),
(895,'emoticons','1F64B','happy person raising one hand'),
(896,'emotions','1F64C','person raising both hands in celebration'),
(897,'emoticons','1F64D','person frowning'),
(898,'emoticons','1F64E','person with pouting face'),
(899,'emotions','1F64F','person with folded hands'),
(900,'emotions','+270A','raised fist'),
(901,'emotions','+270B','raised hand'),
(902,'emotions','+270C','victory hand'),
(903,'emotions','+2728','sparkles'),
(904,'emotions','+2764','heavy black heart'),
(905,'emotions','+261D','white up pointing index'),
(906,'emotions','1F389','party popper'),
(907,'emotions','1F38A','confetti ball'),
(908,'emotions','1F440','eyes'),
(909,'emotions','1F442','ear'),
(910,'emotions','1F443','nose'),
(911,'emotions','1F444','mouth'),
(912,'emotions','1F445','tongue'),
(913,'emotions','1F446','white up pointing backhand index'),
(914,'emotions','1F447','white down pointing backhand index'),
(915,'emotions','1F448','white left pointing backhand index'),
(916,'emotions','1F449','white right pointing backhand index'),
(917,'emotions','1F44A','fisted hand sign'),
(918,'emotions','1F44B','waving hand sign'),
(919,'emotions','1F44C','ok hand sign'),
(920,'emotions','1F44D','thumbs up sign'),
(921,'emotions','1F44E','thumbs down sign'),
(922,'emotions','1F44F','clapping hands sign'),
(923,'emotions','1F450','open hands sign'),
(924,'emotions','1F48B','kiss mark'),
(925,'emotions','1F48F','kiss'),
(926,'emotions','1F490','bouquet'),
(927,'emotions','1F491','couple with heart'),
(928,'emotions','1F492','wedding'),
(929,'emotions','1F493','beating heart'),
(930,'emotions','1F494','broken heart'),
(931,'emotions','1F495','two hearts'),
(932,'emotions','1F496','sparkling heart'),
(933,'emotions','1F497','growing heart'),
(934,'emotions','1F498','heart with arrow'),
(935,'emotions','1F499','blue heart'),
(936,'emotions','1F49A','green heart'),
(937,'emotions','1F49B','yellow heart'),
(938,'emotions','1F49C','purple heart'),
(939,'emotions','1F49D','heart with ribbon'),
(940,'emotions','1F49E','revolving hearts'),
(941,'emotions','1F49F','heart decoration'),
(942,'emotions','1F4A0','diamond shape with a dot inside'),
(943,'emotions','1F4A1','electric light bulb'),
(944,'emotions','1F4A2','anger symbol'),
(945,'emotions','1F4A3','bomb'),
(946,'emotions','1F4A4','sleeping symbol'),
(947,'emotions','1F4A5','collision symbol'),
(948,'emotions','1F4A6','splashing sweat symbol'),
(949,'emotions','1F4A7','droplet'),
(950,'emotions','1F4A8','dash symbol'),
(951,'emotions','1F4A9','pile of poo'),
(952,'emotions','1F4AA','flexed biceps'),
(953,'emotions','1F4AB','dizzy symbol'),
(954,'emotions','1F4AC','speech balloon'),
(955,'emotions','1F4AE','white flower'),
(956,'emotions','1F4AF','hundred points symbol'),
(957,'emotions','1F525','fire'),
(958,'marks','+2705','white heavy check mark'),
(959,'marks','+274E','negative squared cross mark'),
(960,'marks','+2714','heavy check mark'),
(961,'marks','+2716','heavy multiplication x'),
(962,'marks','+274C','cross mark'),
(963,'marks','+2753','black question mark ornament'),
(964,'marks','+2754','white question mark ornament'),
(965,'marks','+2755','white exclamation mark ornament'),
(966,'marks','+2757','heavy exclamation mark symbol'),
(967,'marks','+2795','heavy plus sign'),
(968,'marks','+2796','heavy minus sign'),
(969,'marks','+2797','heavy division sign'),
(970,'marks','+27A1','black rightwards arrow'),
(971,'marks','+27B0','curly loop'),
(972,'marks','+203C','double exclamation mark'),
(973,'marks','+2049','exclamation question mark'),
(974,'marks','+20E3','number sign + combining enclosing keycap'),
(975,'marks','+20E3','digit eight + combining enclosing keycap'),
(976,'marks','+20E3','digit nine + combining enclosing keycap'),
(977,'marks','+20E3','digit seven + combining enclosing keycap'),
(978,'marks','+20E3','digit zero + combining enclosing keycap'),
(979,'marks','+20E3','digit six + combining enclosing keycap'),
(980,'marks','+20E3','digit five + combining enclosing keycap'),
(981,'marks','+20E3','digit four + combining enclosing keycap'),
(982,'marks','+20E3','digit three + combining enclosing keycap'),
(983,'marks','+20E3','digit two + combining enclosing keycap'),
(984,'marks','+20E3','digit one + combining enclosing keycap'),
(985,'marks','+2122','trade mark sign'),
(986,'marks','+2139','information source'),
(987,'marks','+2194','left right arrow'),
(988,'marks','+2195','up down arrow'),
(989,'marks','+2196','north west arrow'),
(990,'marks','+2197','north east arrow'),
(991,'marks','+2198','south east arrow'),
(992,'marks','+2199','south west arrow'),
(993,'marks','+21A9','leftwards arrow with hook'),
(994,'marks','+21AA','rightwards arrow with hook'),
(995,'marks','+23F0','alarm clock'),
(996,'marks','+231B','hourglass'),
(997,'marks','+23F3','hourglass with flowing sand'),
(998,'marks','+23E9','black right-pointing double triangle'),
(999,'marks','+23EA','black left-pointing double triangle'),
(1000,'marks','+23EB','black up-pointing double triangle'),
(1001,'marks','+23EC','black down-pointing double triangle'),
(1002,'marks','+25AA','black small square'),
(1003,'marks','+25AB','white small square'),
(1004,'marks','+25B6','black right-pointing triangle'),
(1005,'marks','+25C0','black left-pointing triangle'),
(1006,'marks','+25FB','white medium square'),
(1007,'marks','+25FC','black medium square'),
(1008,'marks','+25FD','white medium small square'),
(1009,'marks','+25FE','black medium small square'),
(1010,'marks','+260E','black telephone'),
(1011,'marks','+2611','ballot box with check'),
(1012,'marks','+2660','black spade suit'),
(1013,'marks','+2663','black club suit'),
(1014,'marks','+2665','black heart suit'),
(1015,'marks','+2666','black diamond suit'),
(1016,'marks','+2668','hot springs'),
(1017,'marks','+267B','black universal recycling symbol'),
(1018,'marks','+267F','wheelchair symbol'),
(1019,'marks','+2693','anchor'),
(1020,'marks','+26A0','warning sign'),
(1021,'marks','+26A1','high voltage sign'),
(1022,'marks','+26AA','medium white circle'),
(1023,'marks','+26AB','medium black circle'),
(1024,'marks','+26D4','no entry'),
(1025,'marks','+2934','arrow pointing rightwards then curving upwards'),
(1026,'marks','+2935','arrow pointing rightwards then curving downwards'),
(1027,'marks','+2B05','leftwards black arrow'),
(1028,'marks','+2B06','upwards black arrow'),
(1029,'marks','+2B07','downwards black arrow'),
(1030,'marks','+2B1B','black large square'),
(1031,'marks','+2B1C','white large square'),
(1032,'marks','+2B50','white medium star'),
(1033,'marks','+2B55','heavy large circle'),
(1034,'marks','+3030','wavy dash'),
(1035,'marks','+303D','part alternation mark'),
(1036,'marks','1F4CC','pushpin'),
(1037,'marks','1F4CD','round pushpin'),
(1038,'marks','1F4F6','antenna with bars'),
(1039,'marks','1F503','clockwise downwards and upwards open circle arrows'),
(1040,'marks','1F519','back with leftwards arrow above'),
(1041,'marks','1F51A','end with leftwards arrow above'),
(1042,'marks','1F51B','on with exclamation mark with left right arrow above'),
(1043,'marks','1F51C','soon with rightwards arrow above'),
(1044,'marks','1F51D','top with upwards arrow above'),
(1045,'marks','1F51E','no one under eighteen symbol'),
(1046,'marks','1F51F','keycap ten'),
(1047,'marks','1F520','input symbol for latin capital letters'),
(1048,'marks','1F521','input symbol for latin small letters'),
(1049,'marks','1F522','input symbol for numbers'),
(1050,'marks','1F523','input symbol for symbols'),
(1051,'marks','1F524','input symbol for latin letters'),
(1052,'marks','1F52F','six pointed star with middle dot'),
(1053,'marks','1F532','black square button'),
(1054,'marks','1F533','white square button'),
(1055,'marks','1F534','large red circle'),
(1056,'marks','1F535','large blue circle'),
(1057,'marks','1F536','large orange diamond'),
(1058,'marks','1F537','large blue diamond'),
(1059,'marks','1F538','small orange diamond'),
(1060,'marks','1F539','small blue diamond'),
(1061,'marks','1F53A','up-pointing red triangle'),
(1062,'marks','1F53B','down-pointing red triangle'),
(1063,'marks','1F53C','up-pointing small red triangle'),
(1064,'marks','1F53D','down-pointing small red triangle'),
(1065,'marks','1F550','clock face one oclock'),
(1066,'marks','1F551','clock face two oclock'),
(1067,'marks','1F552','clock face three oclock'),
(1068,'marks','1F553','clock face four oclock'),
(1069,'marks','1F554','clock face five oclock'),
(1070,'marks','1F555','clock face six oclock'),
(1071,'marks','1F556','clock face seven oclock'),
(1072,'marks','1F557','clock face eight oclock'),
(1073,'marks','1F558','clock face nine oclock'),
(1074,'marks','1F559','clock face ten oclock'),
(1075,'marks','1F55A','clock face eleven oclock'),
(1076,'marks','1F55B','clock face twelve oclock'),
(1077,'marks','1F55C','clock face one-thirty'),
(1078,'marks','1F55D','clock face two-thirty'),
(1079,'marks','1F55E','clock face three-thirty'),
(1080,'marks','1F55F','clock face four-thirty'),
(1081,'marks','1F560','clock face five-thirty'),
(1082,'marks','1F561','clock face six-thirty'),
(1083,'marks','1F562','clock face seven-thirty'),
(1084,'marks','1F563','clock face eight-thirty'),
(1085,'marks','1F564','clock face nine-thirty'),
(1086,'marks','1F565','clock face ten-thirty'),
(1087,'marks','1F566','clock face eleven-thirty'),
(1088,'marks','1F567','clock face twelve-thirty'),
(1089,'marks','1F4F5','no mobile phones'),
(1090,'marks','1F500','twisted rightwards arrows'),
(1091,'marks','1F501','clockwise rightwards and leftwards open circle arrows'),
(1092,'marks','1F502','clockwise rightwards and leftwards open circle arrows with circled one overlay'),
(1093,'marks','1F504','anticlockwise downwards and upwards open circle arrows'),
(1094,'marks','1F507','speaker with cancellation stroke'),
(1095,'marks','1F515','bell with cancellation stroke'),
(1096,'marks','+2708','airplane'),
(1097,'transport','1F680','rocket'),
(1098,'transport','1F683','railway car'),
(1099,'transport','1F684','high-speed train'),
(1100,'transport','1F685','high-speed train with bullet nose'),
(1101,'transport','1F687','metro'),
(1102,'transport','1F689','station'),
(1103,'transport','1F68C','bus'),
(1104,'transport','1F68F','bus stop'),
(1105,'transport','1F691','ambulance'),
(1106,'transport','1F692','fire engine'),
(1107,'transport','1F693','police car'),
(1108,'transport','1F695','taxi'),
(1109,'transport','1F697','automobile'),
(1110,'transport','1F699','recreational vehicle'),
(1111,'transport','1F69A','delivery truck'),
(1112,'transport','1F6A2','ship'),
(1113,'transport','1F6A4','speedboat'),
(1114,'transport','1F6B2','bicycle'),
(1115,'transport','1F6B6','pedestrian'),
(1116,'transport','1F681','helicopter'),
(1117,'transport','1F682','steam locomotive'),
(1118,'transport','1F686','train'),
(1119,'transport','1F688','light rail'),
(1120,'transport','1F68A','tram'),
(1121,'transport','1F68D','oncoming bus'),
(1122,'transport','1F68E','trolleybus'),
(1123,'transport','1F690','minibus'),
(1124,'transport','1F694','oncoming police car'),
(1125,'transport','1F696','oncoming taxi'),
(1126,'transport','1F698','oncoming automobile'),
(1127,'transport','1F69B','articulated lorry'),
(1128,'transport','1F69C','tractor'),
(1129,'transport','1F69D','monorail'),
(1130,'transport','1F69E','mountain railway'),
(1131,'transport','1F69F','suspension railway'),
(1132,'transport','1F6A0','mountain cableway'),
(1133,'transport','1F6A1','aerial tramway'),
(1134,'transport','1F6A3','rowboat'),
(1135,'transport','1F6B4','bicyclist'),
(1136,'transport','1F6B5','mountain bicyclist'),
(1137,'fruits','1F345','tomato'),
(1138,'fruits','1F346','aubergine'),
(1139,'fruits','1F347','grapes'),
(1140,'fruits','1F348','melon'),
(1141,'fruits','1F349','watermelon'),
(1142,'fruits','1F34A','tangerine'),
(1143,'fruits','1F34C','banana'),
(1144,'fruits','1F34D','pineapple'),
(1145,'fruits','1F34E','red apple'),
(1146,'fruits','1F34F','green apple'),
(1147,'fruits','1F351','peach'),
(1148,'fruits','1F352','cherries'),
(1149,'fruits','1F353','strawberry'),
(1150,'fruits','1F354','hamburger'),
(1151,'fruits','1F355','slice of pizza'),
(1152,'fruits','1F356','meat on bone'),
(1153,'fruits','1F357','poultry leg'),
(1154,'fruits','1F358','rice cracker'),
(1155,'fruits','1F359','rice ball'),
(1156,'fruits','1F35A','cooked rice'),
(1157,'fruits','1F35B','curry and rice'),
(1158,'fruits','1F35C','steaming bowl'),
(1159,'fruits','1F35D','spaghetti'),
(1160,'fruits','1F35E','bread'),
(1161,'fruits','1F35F','french fries'),
(1162,'fruits','1F360','roasted sweet potato'),
(1163,'fruits','1F361','dango'),
(1164,'fruits','1F362','oden'),
(1165,'fruits','1F363','sushi'),
(1166,'fruits','1F364','fried shrimp'),
(1167,'fruits','1F365','fish cake with swirl design'),
(1168,'fruits','1F366','soft ice cream'),
(1169,'fruits','1F367','shaved ice'),
(1170,'fruits','1F368','ice cream'),
(1171,'fruits','1F369','doughnut'),
(1172,'fruits','1F36A','cookie'),
(1173,'fruits','1F36B','chocolate bar'),
(1174,'fruits','1F36C','candy'),
(1175,'fruits','1F36D','lollipop'),
(1176,'fruits','1F36E','custard'),
(1177,'fruits','1F36F','honey pot'),
(1178,'fruits','1F370','shortcake'),
(1179,'fruits','1F371','bento box'),
(1180,'fruits','1F372','pot of food'),
(1181,'fruits','1F373','cooking'),
(1182,'fruits','1F374','fork and knife'),
(1183,'fruits','1F375','teacup without handle'),
(1184,'fruits','1F376','sake bottle and cup'),
(1185,'fruits','1F377','wine glass'),
(1186,'fruits','1F378','cocktail glass'),
(1187,'fruits','1F379','tropical drink'),
(1188,'fruits','1F37A','beer mug'),
(1189,'fruits','1F37B','clinking beer mugs'),
(1190,'fruits','1F380','ribbon'),
(1191,'fruits','1F381','wrapped present'),
(1192,'fruits','1F382','birthday cake'),
(1193,'fruits','1F383','jack-o-lantern'),
(1194,'fruits','1F34B','lemon'),
(1195,'fruits','1F350','pear'),
(1196,'animals','1F40C','snail'),
(1197,'animals','1F40D','snake'),
(1198,'animals','1F40E','horse'),
(1199,'animals','1F411','sheep'),
(1200,'animals','1F412','monkey'),
(1201,'animals','1F414','chicken'),
(1202,'animals','1F417','boar'),
(1203,'animals','1F418','elephant'),
(1204,'animals','1F419','octopus'),
(1205,'animals','1F41A','spiral shell'),
(1206,'animals','1F41B','bug'),
(1207,'animals','1F41C','ant'),
(1208,'animals','1F41D','honeybee'),
(1209,'animals','1F41E','lady beetle'),
(1210,'animals','1F41F','fish'),
(1211,'animals','1F420','tropical fish'),
(1212,'animals','1F421','blowfish'),
(1213,'animals','1F422','turtle'),
(1214,'animals','1F423','hatching chick'),
(1215,'animals','1F424','baby chick'),
(1216,'animals','1F425','front-facing baby chick'),
(1217,'animals','1F426','bird'),
(1218,'animals','1F427','penguin'),
(1219,'animals','1F428','koala'),
(1220,'animals','1F429','poodle'),
(1221,'animals','1F42B','bactrian camel'),
(1222,'animals','1F42C','dolphin'),
(1223,'animals','1F42D','mouse face'),
(1224,'animals','1F42E','cow face'),
(1225,'animals','1F42F','tiger face'),
(1226,'animals','1F430','rabbit face'),
(1227,'animals','1F431','cat face'),
(1228,'animals','1F432','dragon face'),
(1229,'animals','1F433','spouting whale'),
(1230,'animals','1F434','horse face'),
(1231,'animals','1F435','monkey face'),
(1232,'animals','1F436','dog face'),
(1233,'animals','1F437','pig face'),
(1234,'animals','1F438','frog face'),
(1235,'animals','1F439','hamster face'),
(1236,'animals','1F43A','wolf face'),
(1237,'animals','1F43B','bear face'),
(1238,'animals','1F43C','panda face'),
(1239,'animals','1F43D','pig nose'),
(1240,'animals','1F43E','paw prints'),
(1241,'animals','1F400','rat'),
(1242,'animals','1F401','mouse'),
(1243,'animals','1F402','ox'),
(1244,'animals','1F403','water buffalo'),
(1245,'animals','1F404','cow'),
(1246,'animals','1F405','tiger'),
(1247,'animals','1F406','leopard'),
(1248,'animals','1F407','rabbit'),
(1249,'animals','1F408','cat'),
(1250,'animals','1F409','dragon'),
(1251,'animals','1F40A','crocodile'),
(1252,'animals','1F40B','whale'),
(1253,'animals','1F40F','ram'),
(1254,'animals','1F410','goat'),
(1255,'animals','1F413','rooster'),
(1256,'animals','1F415','dog'),
(1257,'animals','1F416','pig'),
(1258,'animals','1F42A','dromedary camel'),
(1259,'activitys','1F3A1','ferris wheel'),
(1260,'activitys','1F3A2','roller coaster'),
(1261,'activitys','1F3A3','fishing pole and fish'),
(1262,'activitys','1F3A4','microphone'),
(1263,'activitys','1F3A5','movie camera'),
(1264,'activitys','1F3A6','cinema'),
(1265,'activitys','1F3A7','headphone'),
(1266,'activitys','1F3A8','artist palette'),
(1267,'activitys','1F3A9','top hat'),
(1268,'activitys','1F3AA','circus tent'),
(1269,'activitys','1F3AB','ticket'),
(1270,'activitys','1F3AC','clapper board'),
(1271,'activitys','1F3AD','performing arts'),
(1272,'activitys','1F3AE','video game'),
(1273,'activitys','1F3AF','direct hit'),
(1274,'activitys','1F3B0','slot machine'),
(1275,'activitys','1F3B1','billiards'),
(1276,'activitys','1F3B2','game die'),
(1277,'activitys','1F3B3','bowling'),
(1278,'activitys','1F3B4','flower playing cards'),
(1279,'activitys','1F3B5','musical note'),
(1280,'activitys','1F3B6','multiple musical notes'),
(1281,'activitys','1F3B7','saxophone'),
(1282,'activitys','1F3B8','guitar'),
(1283,'activitys','1F3B9','musical keyboard'),
(1284,'activitys','1F3BA','trumpet'),
(1285,'activitys','1F3BB','violin'),
(1286,'activitys','1F3BC','musical score'),
(1287,'activitys','1F3BD','running shirt with sash'),
(1288,'activitys','1F3BE','tennis racquet and ball'),
(1289,'activitys','1F3BF','ski and ski boot'),
(1290,'activitys','1F3C0','basketball and hoop'),
(1291,'activitys','1F3C1','chequered flag'),
(1292,'activitys','1F3C2','snowboarder'),
(1293,'activitys','1F3C3','runner'),
(1294,'activitys','1F3C4','surfer'),
(1295,'activitys','1F3C6','trophy'),
(1296,'activitys','1F3C8','american football'),
(1297,'activitys','1F3CA','swimmer'),
(1298,'earth','+2733','eight spoked asterisk'),
(1299,'earth','+2734','eight pointed black star'),
(1300,'earth','+2744','snowflake'),
(1301,'earth','+2747','sparkle'),
(1302,'earth','+2600','black sun with rays'),
(1303,'earth','+2601','cloud'),
(1304,'earth','+2614','umbrella with rain drops'),
(1305,'enclosed','+2648','aries'),
(1306,'enclosed','+2649','taurus'),
(1307,'enclosed','+264A','gemini'),
(1308,'enclosed','+264B','cancer'),
(1309,'enclosed','+264C','leo'),
(1310,'enclosed','+264D','virgo'),
(1311,'enclosed','+264E','libra'),
(1312,'enclosed','+264F','scorpius'),
(1313,'enclosed','+2650','sagittarius'),
(1314,'enclosed','+2651','capricorn'),
(1315,'enclosed','+2652','aquarius'),
(1316,'enclosed','+2653','pisces'),
(1317,'enclosed','+26CE','ophiuchus'),
(1318,'earth','1F30C','milky way'),
(1319,'earth','1F30F','earth globe asia-australia'),
(1320,'earth','1F311','new moon symbol'),
(1321,'earth','1F313','first quarter moon symbol'),
(1322,'earth','1F314','waxing gibbous moon symbol'),
(1323,'earth','1F315','full moon symbol'),
(1324,'earth','1F319','crescent moon'),
(1325,'earth','1F31B','first quarter moon with face'),
(1326,'earth','1F31F','glowing star'),
(1327,'earth','1F320','shooting star'),
(1328,'earth','1F330','chestnut'),
(1329,'earth','1F331','seedling'),
(1330,'earth','1F334','palm tree'),
(1331,'earth','1F335','cactus'),
(1332,'earth','1F337','tulip'),
(1333,'earth','1F338','cherry blossom'),
(1334,'earth','1F339','rose'),
(1335,'earth','1F33A','hibiscus'),
(1336,'earth','1F33B','sunflower'),
(1337,'earth','1F33C','blossom'),
(1338,'earth','1F33D','ear of maize'),
(1339,'earth','1F33E','ear of rice'),
(1340,'earth','1F33F','herb'),
(1341,'earth','1F340','four leaf clover'),
(1342,'earth','1F341','maple leaf'),
(1343,'earth','1F342','fallen leaf'),
(1344,'earth','1F343','leaf fluttering in wind'),
(1345,'earth','1F344','mushroom'),
(1346,'earth','1F30D','earth globe europe-africa'),
(1347,'earth','1F30E','earth globe americas'),
(1348,'earth','1F310','globe with meridians'),
(1349,'earth','1F312','waxing crescent moon symbol'),
(1350,'earth','1F316','waning gibbous moon symbol'),
(1351,'earth','1F317','last quarter moon symbol'),
(1352,'earth','1F318','waning crescent moon symbol'),
(1353,'earth','1F31A','new moon with face'),
(1354,'earth','1F31C','last quarter moon with face'),
(1355,'earth','1F31D','full moon with face'),
(1356,'earth','1F31E','sun with face'),
(1357,'earth','1F332','evergreen tree'),
(1358,'earth','1F333','deciduous tree'),
(1359,'earth','1F505','low brightness symbol'),
(1360,'earth','1F506','high brightness symbol'),
(1361,'objects','+2702','black scissors'),
(1362,'objects','+2709','envelope'),
(1363,'objects','+270F','pencil'),
(1364,'objects','+2712','black nib'),
(1365,'objects','+00A9','copyright sign'),
(1366,'objects','+00AE','registered sign'),
(1367,'objects','+231A','watch'),
(1368,'objects','+2615','hot beverage'),
(1369,'objects','1F4CE','paperclip'),
(1370,'objects','1F4CF','straight ruler'),
(1371,'objects','1F4D0','triangular ruler'),
(1372,'objects','1F4D1','bookmark tabs'),
(1373,'objects','1F4D2','ledger'),
(1374,'objects','1F4D3','notebook'),
(1375,'objects','1F4D4','notebook with decorative cover'),
(1376,'objects','1F4D5','closed book'),
(1377,'objects','1F4D6','open book'),
(1378,'objects','1F4D7','green book'),
(1379,'objects','1F4D8','blue book'),
(1380,'objects','1F4D9','orange book'),
(1381,'objects','1F4DA','books'),
(1382,'objects','1F4DB','name badge'),
(1383,'objects','1F4DC','scroll'),
(1384,'objects','1F4DD','memo'),
(1385,'objects','1F4DE','telephone receiver'),
(1386,'objects','1F4DF','pager'),
(1387,'objects','1F4E0','fax machine'),
(1388,'objects','1F4E1','satellite antenna'),
(1389,'objects','1F4E2','public address loudspeaker'),
(1390,'objects','1F4E3','cheering megaphone'),
(1391,'objects','1F4E4','outbox tray'),
(1392,'objects','1F4E5','inbox tray'),
(1393,'objects','1F4E6','package'),
(1394,'objects','1F4E7','e-mail symbol'),
(1395,'objects','1F4E8','incoming envelope'),
(1396,'objects','1F4E9','envelope with downwards arrow above'),
(1397,'objects','1F4EA','closed mailbox with lowered flag'),
(1398,'objects','1F4EB','closed mailbox with raised flag'),
(1399,'objects','1F4EE','postbox'),
(1400,'objects','1F4F0','newspaper'),
(1401,'objects','1F4F1','mobile phone'),
(1402,'objects','1F4F2','mobile phone with rightwards arrow at left'),
(1403,'objects','1F4F3','vibration mode'),
(1404,'objects','1F4F4','mobile phone off'),
(1405,'objects','1F4F7','camera'),
(1406,'objects','1F4F9','video camera'),
(1407,'objects','1F4FA','television'),
(1408,'objects','1F4FB','radio'),
(1409,'objects','1F4FC','videocassette'),
(1410,'objects','1F50A','speaker with three sound waves'),
(1411,'objects','1F50B','battery'),
(1412,'objects','1F50C','electric plug'),
(1413,'objects','1F50D','left-pointing magnifying glass'),
(1414,'objects','1F50E','right-pointing magnifying glass'),
(1415,'objects','1F50F','lock with ink pen'),
(1416,'objects','1F510','closed lock with key'),
(1417,'objects','1F511','key'),
(1418,'objects','1F512','lock'),
(1419,'objects','1F513','open lock'),
(1420,'objects','1F514','bell'),
(1421,'objects','1F516','bookmark'),
(1422,'objects','1F517','link symbol'),
(1423,'objects','1F518','radio button'),
(1424,'objects','1F526','electric torch'),
(1425,'objects','1F527','wrench'),
(1426,'objects','1F528','hammer'),
(1427,'objects','1F529','nut and bolt'),
(1428,'objects','1F52A','hocho'),
(1429,'objects','1F52B','pistol'),
(1430,'objects','1F52E','crystal ball'),
(1431,'objects','1F530','japanese symbol for beginner'),
(1432,'objects','1F531','trident emblem'),
(1433,'objects','1F5FB','mount fuji'),
(1434,'objects','1F5FC','tokyo tower'),
(1435,'objects','1F5FD','statue of liberty'),
(1436,'objects','1F5FE','silhouette of japan'),
(1437,'objects','1F5FF','moyai'),
(1438,'objects','1F37C','baby bottle'),
(1439,'objects','1F3C7','horse racing'),
(1440,'objects','1F465','busts in silhouette'),
(1441,'objects','1F46C','two men holding hands'),
(1442,'objects','1F46D','two women holding hands'),
(1443,'objects','1F4AD','thought balloon'),
(1444,'objects','1F4B6','banknote with euro sign'),
(1445,'objects','1F4B7','banknote with pound sign'),
(1446,'objects','1F4EC','open mailbox with raised flag'),
(1447,'objects','1F4ED','open mailbox with lowered flag'),
(1448,'objects','1F4EF','postal horn'),
(1449,'objects','1F509','speaker with one sound wave'),
(1450,'objects','1F52C','microscope'),
(1451,'objects','1F52D','telescope'),
(1452,'enclosed','+24C2','circled latin capital letter m'),
(1453,'enclosed','1F170','negative squared latin capital letter a'),
(1454,'enclosed','1F171','negative squared latin capital letter b'),
(1455,'enclosed','1F17E','negative squared latin capital letter o'),
(1456,'enclosed','1F17F','negative squared latin capital letter p'),
(1457,'enclosed','1F18E','negative squared ab'),
(1458,'enclosed','1F191','squared cl'),
(1459,'enclosed','1F192','squared cool'),
(1460,'enclosed','1F193','squared free'),
(1461,'enclosed','1F194','squared id'),
(1462,'enclosed','1F195','squared new'),
(1463,'enclosed','1F196','squared ng'),
(1464,'enclosed','1F197','squared ok'),
(1465,'enclosed','1F198','squared sos'),
(1466,'enclosed','1F199','squared up with exclamation mark'),
(1467,'enclosed','1F19A','squared vs'),
(1468,'enclosed','1F1EA','regional indicator symbol letter d + regional indicator symbol letter e'),
(1469,'enclosed','1F1E7','regional indicator symbol letter g + regional indicator symbol letter b'),
(1470,'enclosed','1F1F3','regional indicator symbol letter c + regional indicator symbol letter n'),
(1471,'enclosed','1F1F5','regional indicator symbol letter j + regional indicator symbol letter p'),
(1472,'enclosed','1F1F7','regional indicator symbol letter f + regional indicator symbol letter r'),
(1473,'enclosed','1F1F7','regional indicator symbol letter k + regional indicator symbol letter r'),
(1474,'enclosed','1F1F8','regional indicator symbol letter e + regional indicator symbol letter s'),
(1475,'enclosed','1F1F9','regional indicator symbol letter i + regional indicator symbol letter t'),
(1476,'enclosed','1F1FA','regional indicator symbol letter r + regional indicator symbol letter u'),
(1477,'enclosed','1F1F8','regional indicator symbol letter u + regional indicator symbol letter s'),
(1478,'enclosed','1F201','squared katakana koko'),
(1479,'enclosed','1F202','squared katakana sa'),
(1480,'enclosed','1F21A','squared cjk unified ideograph-7121'),
(1481,'enclosed','1F22F','squared cjk unified ideograph-6307'),
(1482,'enclosed','1F232','squared cjk unified ideograph-7981'),
(1483,'enclosed','1F233','squared cjk unified ideograph-7a7a'),
(1484,'enclosed','1F234','squared cjk unified ideograph-5408'),
(1485,'enclosed','1F235','squared cjk unified ideograph-6e80'),
(1486,'enclosed','1F236','squared cjk unified ideograph-6709'),
(1487,'enclosed','1F237','squared cjk unified ideograph-6708'),
(1488,'enclosed','1F238','squared cjk unified ideograph-7533'),
(1489,'enclosed','1F239','squared cjk unified ideograph-5272'),
(1490,'enclosed','1F23A','squared cjk unified ideograph-55b6'),
(1491,'enclosed','1F250','circled ideograph advantage'),
(1492,'enclosed','1F251','circled ideograph accept');

/*Data for the table `emojis_type` */

insert  into `emojis_type`(`type`,`icontype`,`icon`,`index`) values 
('activitys','fa-regular','fa-futbol',8),
('animals','fa-solid','fa-cat',7),
('earth','fa-solid','fa-earth-americas',10),
('emoticons','fa-regular','fa-face-smile',2),
('emotions','fa-regular','fa-heart',3),
('enclosed','fa-solid','fa-circle-exclamation',12),
('fruits','fa-regular','fa-lemon',6),
('marks','fa-solid','fa-xmark',4),
('objects','fa-solid','fa-scissors',11),
('recents','fa-solid','fa-clock-rotate-left',1),
('transport','fa-solid','fa-rocket',5);

/*Data for the table `follower` */

insert  into `follower`(`source`,`target`,`status`) values 
(1,58,1),
(1,65,1),
(41,44,1),
(41,58,1),
(41,65,1),
(43,58,1),
(43,65,1),
(50,58,1),
(56,41,1),
(56,58,1),
(58,1,1),
(58,41,1),
(58,43,1),
(58,50,1),
(65,41,1),
(65,43,1);

/*Data for the table `menu` */

insert  into `menu`(`id`,`type`,`icon`,`title`,`selected`,`show`,`url`) values 
(1,'fa-solid','fa-users','Social',0,1,'/social'),
(2,'fa-regular','fa-circle-user','Feed',0,1,'/feed'),
(3,'fa-regular','fa-comments','Chat',1,1,'/chat'),
(4,'fa-regular','fa-bell','Alarm',0,1,'/Alarm'),
(5,'fa-solid','fa-gear','Settings',0,1,'/settings');

/*Data for the table `reaction` */

insert  into `reaction`(`id`,`socialId`,`userId`,`like`,`bookmark`) values 
(5,2,1,1,0),
(6,1,1,1,0),
(14,2,58,1,0),
(15,1,58,1,0),
(17,2,41,1,0),
(18,1,41,1,0),
(19,7,41,1,0),
(20,7,58,1,0),
(21,9,56,1,0),
(22,13,44,1,0),
(23,11,44,1,0),
(24,10,44,1,0),
(25,9,44,1,0),
(26,8,44,1,0),
(27,7,44,1,0),
(28,5,44,1,0),
(29,2,44,1,0),
(30,1,44,1,0),
(31,15,44,1,0),
(32,14,44,1,0),
(33,16,44,1,0),
(34,18,58,1,0),
(35,17,58,1,0),
(36,5,58,1,0),
(37,9,58,1,0),
(38,8,58,1,0),
(39,10,58,1,0),
(40,21,50,1,1),
(41,1,50,1,0),
(42,2,50,1,0),
(43,13,58,1,0),
(44,46,58,1,0),
(45,61,58,1,0),
(46,60,58,1,0),
(47,59,58,1,0),
(48,40,58,1,0),
(49,39,58,1,0),
(50,38,58,1,0),
(51,37,58,1,0),
(52,36,58,1,0),
(53,35,58,1,0),
(54,34,58,1,0),
(55,33,58,1,0),
(56,32,58,1,0),
(57,31,58,1,0),
(58,30,58,1,0),
(59,29,58,1,0),
(60,28,58,1,0),
(61,27,58,1,0),
(62,26,58,1,0),
(63,25,58,1,0),
(64,24,58,1,0),
(65,23,58,1,0),
(66,22,58,1,0),
(67,21,58,1,0),
(68,20,58,1,0),
(69,19,58,1,0),
(70,16,58,1,0),
(71,15,58,1,0),
(72,14,58,1,0),
(73,11,58,1,0),
(74,67,41,1,1),
(75,18,41,1,1),
(76,61,41,0,1),
(77,60,41,0,1),
(78,59,41,0,1),
(79,46,41,0,1),
(80,40,41,0,1),
(81,39,41,0,1),
(82,38,41,0,1),
(83,37,41,0,1),
(84,36,41,0,1),
(85,68,56,1,1),
(86,69,56,1,1),
(87,67,56,1,0),
(88,18,56,1,0),
(89,61,56,1,0),
(90,60,56,1,0),
(91,59,56,1,0),
(92,46,56,1,0),
(93,40,56,1,0),
(94,39,56,1,0),
(95,38,56,1,0),
(96,37,56,1,0),
(97,36,56,1,0),
(98,35,56,1,0),
(99,70,56,1,1),
(100,71,56,1,1),
(101,10,50,1,0),
(102,72,50,0,1),
(103,86,50,0,1),
(104,85,50,0,1),
(105,84,50,0,1),
(106,83,50,0,1),
(107,82,50,0,1),
(108,81,50,0,1),
(109,80,50,0,1),
(110,79,50,0,1),
(111,78,50,0,1),
(112,77,50,0,1),
(113,76,50,0,1),
(114,75,50,0,1),
(115,74,50,0,1),
(116,73,50,0,1),
(117,71,50,0,1),
(118,70,50,0,1),
(119,69,50,0,1),
(120,68,50,0,1),
(121,67,50,0,1),
(122,26,50,0,1),
(123,28,50,0,0),
(124,73,58,1,0),
(125,74,58,1,0),
(126,75,58,1,0),
(127,86,41,1,0),
(128,85,41,1,0),
(129,84,41,1,0),
(131,97,58,0,1),
(132,91,58,0,1),
(133,78,58,1,0),
(134,72,58,1,0),
(135,76,58,1,0),
(136,79,58,1,0),
(137,80,58,1,0),
(138,81,58,1,0),
(139,82,58,1,0),
(140,83,58,1,0),
(141,84,58,1,0),
(142,85,58,1,0),
(143,86,58,1,0),
(144,100,56,1,0),
(145,100,43,1,0),
(146,101,43,1,0),
(147,99,43,1,0),
(148,97,43,1,0),
(149,94,43,1,0),
(150,93,43,1,0),
(151,92,43,1,0),
(152,91,43,1,0),
(153,90,43,1,0),
(154,89,43,1,0),
(155,87,43,1,0),
(156,67,43,1,0),
(157,18,43,1,0),
(158,102,65,1,0),
(159,102,41,1,0),
(160,101,65,1,0),
(161,103,43,1,0),
(162,104,43,1,0),
(163,104,41,1,0),
(164,103,41,1,0),
(165,99,65,1,0),
(166,105,43,1,0),
(167,100,41,1,0),
(168,105,41,1,0),
(169,34,43,1,0),
(170,105,1,1,0),
(171,105,65,1,0),
(172,104,65,1,1),
(173,100,65,1,0),
(174,67,65,1,0),
(175,18,65,1,0),
(176,2,65,1,0),
(177,32,65,1,0),
(178,31,65,1,0),
(179,30,65,1,0),
(180,11,65,1,0),
(181,106,65,1,0),
(182,1,65,1,0);

/*Data for the table `reply` */

insert  into `reply`(`id`,`socialId`,`userId`,`reply`,`likes`,`created`) values 
(1,2,58,'뭐라카노~ 지구 안망한데이~~ 뭐라카노~ 지구 안망한데이~~ 뭐라카노~ 지구 안망한데이~~ 뭐라카노~ 지구 안망한데이~~ 뭐라카노~ 지구 안망한데이~~',0,'2023-08-09 23:30:41'),
(2,2,1,'아니야... 진짜 잘 생각해봐...',0,'2023-08-10 00:52:42'),
(8,2,1,'?',0,'2023-08-10 03:44:21'),
(9,2,1,'?',0,'2023-08-10 03:45:02'),
(15,2,58,'ㅋㅋㅋ 됬다',0,'2023-08-10 15:43:11'),
(21,2,1,'고생했어?',0,'2023-08-10 15:55:28'),
(23,2,58,'ㅋㅋㅋ 잘되는군',0,'2023-08-10 17:54:27'),
(25,5,58,'어때 좀 시원하지',0,'2023-08-11 23:09:55'),
(26,5,58,'?',0,'2023-08-11 23:10:04'),
(27,7,41,'Hi ?',0,'2023-08-17 12:20:34'),
(28,7,58,'Hello ?',0,'2023-08-17 12:21:43'),
(29,9,50,'ㅋㅋㅋ',0,'2023-08-17 12:59:30'),
(30,13,44,'뭐야.. 편집 잘하네 ?',0,'2023-08-20 03:03:40'),
(31,13,44,'?',0,'2023-08-20 03:03:45'),
(32,21,50,'너무 귀엽찌...?',0,'2023-08-21 22:57:29'),
(33,21,50,'?',0,'2023-08-21 23:22:48'),
(34,37,44,'ㅋㅋㅋㅋ 목소리 들림',0,'2023-08-23 02:52:49'),
(36,1,58,'축하드립니다~',0,'2023-08-25 23:33:01'),
(37,37,58,'ㅋㅋㅋㅋ 와우',0,'2023-08-26 00:06:54'),
(38,21,58,'superrrrrrrrrrrrrrrrrrrr cute',0,'2023-08-26 00:09:45'),
(39,20,58,'뭐임?',0,'2023-08-26 00:13:07'),
(41,46,58,'나두나두',0,'2023-08-27 22:56:53'),
(42,13,58,'땡큐!',0,'2023-08-27 23:17:26'),
(43,61,58,'space',0,'2023-08-29 11:16:06'),
(44,61,58,'?',0,'2023-08-29 11:37:47'),
(45,18,41,'로다쥬',0,'2023-08-29 16:11:47'),
(46,36,56,'ㅋㅋㅋ 뭐야',0,'2023-08-29 22:21:19'),
(47,10,50,'그니까',0,'2023-08-30 14:41:56'),
(48,10,50,'진짜 대단한 것 같아',0,'2023-08-30 14:42:00'),
(49,10,50,'나사 사람들....',0,'2023-08-30 14:42:08'),
(50,10,50,'우주를 탐구하는 자들',0,'2023-08-30 14:42:12'),
(51,10,50,'너무 멋있다 정말',0,'2023-08-30 14:42:15'),
(52,10,50,'우리는 진짜',0,'2023-08-30 14:42:31'),
(53,10,50,'우주의 먼지 한톨도 안되는구나..',0,'2023-08-30 14:42:37'),
(54,10,50,'작아보이는 저 별이',0,'2023-08-30 14:43:28'),
(55,10,50,'우리 지구보다 훨씬 큰거잖아?',0,'2023-08-30 14:43:36'),
(56,10,50,'진짜... 상상이 안된다',0,'2023-08-30 14:43:45'),
(57,10,50,'직접 눈으로 한번 봐보고 싶어',0,'2023-08-30 14:43:49'),
(58,86,41,'ㅋㅋㅋ 뭐야 귀여워',0,'2023-08-30 22:45:23'),
(59,85,41,'???',0,'2023-08-30 23:20:11'),
(62,84,58,'ㅋㅋㅋ 식빵굽네',0,'2023-09-01 20:09:11'),
(63,71,56,'아 귀여워',0,'2023-09-04 02:42:38'),
(64,100,56,'모야... 애기 고양이들',0,'2023-09-04 02:42:48'),
(65,100,43,'?',0,'2023-09-05 00:27:59'),
(66,100,43,'?',0,'2023-09-05 00:28:30'),
(67,5,43,'엄청 잘타네..?',0,'2023-09-05 01:25:23'),
(68,100,43,'?',0,'2023-09-05 01:56:53'),
(76,100,43,'/',0,'2023-09-05 18:39:10'),
(77,101,43,'?',0,'2023-09-05 19:19:20'),
(78,100,43,'//',0,'2023-09-05 19:19:35'),
(79,99,43,'얗하',0,'2023-09-05 19:37:00'),
(81,102,41,'데빌몬!! 귀여웡!!!',0,'2023-09-06 03:35:57'),
(82,103,43,'고양이예용',0,'2023-09-06 12:46:36'),
(83,104,43,'난 이제 지쳤어요',0,'2023-09-06 12:46:43'),
(84,104,41,'ㅋㅋㅋ 귀요미',0,'2023-09-07 01:53:17'),
(85,104,41,'땡뻘',0,'2023-09-07 01:53:19'),
(86,99,65,'넘 잘타용',0,'2023-09-07 02:58:54'),
(87,105,43,'reply',0,'2023-09-09 17:43:06'),
(89,102,41,'ㅎㅎㅎ',0,'2023-09-09 18:33:12'),
(90,105,43,'댓글',0,'2023-09-10 12:53:06'),
(128,105,41,'댓글',0,'2023-09-10 15:50:18'),
(129,105,41,'ㅁㄴㅇ',0,'2023-09-10 15:51:02'),
(130,105,41,'댓',0,'2023-09-10 15:52:49'),
(131,105,41,'?',0,'2023-09-10 15:52:56'),
(132,105,65,'?',0,'2023-09-10 16:24:00'),
(133,106,65,'진짜 좋았는데',0,'2023-09-10 18:35:22'),
(134,106,65,'?',0,'2023-09-10 18:35:27'),
(135,1,65,'ㅅㅅ',0,'2023-09-10 18:36:32');

/*Data for the table `social` */

insert  into `social`(`id`,`userId`,`location`,`type`,`thumbnail`,`media`,`content`,`tags`,`created`,`modified`) values 
(1,1,'경기도 화성시','image',NULL,'tikitaka.png','tikitaka 정식 오픈을 축하합니다.\n저희 서비스는 실시간 서비스입니다.\n최고의 서비스를 경험해보세요!','tikitaka,tt,realtime,streaming,','2023-08-07 19:40:49','2023-08-07 18:11:06'),
(2,41,'경기도 화성시','image',NULL,'social_2.png/social_3.png','아 오늘은 뭐 먹지?\n그리고 인간적으로 너무 덥지 않냐?\n진짜 지구 멸망할건가봐...','seodev,더워,더워,더워,더워,더워,더워,더워,더워,더워,더워','2023-08-07 18:11:06','2023-08-07 19:40:49'),
(5,58,'서울시 양화로','video','thumbnail.png','snow.mp4','그래서 내가 시원한 영상 가져와봤음!','스노우보드,snowboard,그라운드트릭,groundtrick,','2023-08-11 00:40:14','2023-08-11 00:40:14'),
(7,58,'blocked','image',NULL,'1692211818185_7592442.png/1692211818194_Cute-Summer-Wallpapers-For-iPhone-.png/1692211818201_30-577x1024.png','My First Post !\r\nNice to meet you?','First,Post,','2023-08-17 03:50:18','2023-08-17 03:50:18'),
(8,58,'경기 용인시 기흥구','image',NULL,'1692243768121_960x720.jpg/1692243768125_540x960.jpg','이거봐...\r\n너무 귀엽지 않아..??\r\n다들 서머너즈 하셈 !!!\r\n폭주망겜이긴 하지만ㅋㅋㅋ?','서머너즈워,컴투스,폭주망겜,','2023-08-17 12:42:48','2023-08-17 12:42:48'),
(9,56,'blocked','image',NULL,'1692244581782_wallpaper_ironman_11.jpg','내 프사야 어떄?\r\n개간쥐나지?','아이언맨,간지,Ganzi,','2023-08-17 12:56:21','2023-08-17 12:56:21'),
(10,50,'경기 용인시 기흥구','image',NULL,'r_1692244851408_STSCI-J-p22033b-4000px.jpg','\r\n제임스웹 진짜 대단하지 않아?\r\n나사는 너무 천재야 !?',',','2023-08-17 13:00:51','2023-08-17 13:00:51'),
(11,43,'경기 용인시 기흥구','image',NULL,'1692247140188_wallpaper_ironman.jpg','이제 비디오 편집만 하면돼...\r\n쉽지 않구만..?\r\n이모지도 해야할까..?','티키타카,tikitaka,비디오,video,','2023-08-17 13:39:00','2023-08-17 13:39:00'),
(13,58,'경기 화성시','video','thumbnail-1692468048589_snow_5.png','1692468048589_snow.mp4','영상 수정해봤어 !\r\n어때 ? 좀 멋있어 ? ?','스노우보드,보타싶,힐올리,','2023-08-20 03:02:23','2023-08-20 03:02:23'),
(14,44,'blocked','image',NULL,'1692468287823_wallpaper_ironman_16.jpg','하늘 훨훨 날아다니고 싶다..',',','2023-08-20 03:04:47','2023-08-20 03:04:47'),
(15,44,'blocked','video','thumbnail-1692469217503_22-23 FLUX ããGT-LTDã x ãREIãHORIUCHIã_49.png','1692469217503_22-23 FLUX ããGT-LTDã x ãREIãHORIUCHIã.MOV','진짜 레이 ㅈㄴ 잘탄다...\r\n저렇게만 타고 싶다..','스노우보드,그라운드트릭,','2023-08-20 03:22:21','2023-08-20 03:22:21'),
(16,44,'blocked','video','thumbnail-1692469679300_IMG_3861_9.png','1692469679300_IMG_3861.MOV','Uplaod Test','Upload,Test,','2023-08-20 03:30:53','2023-08-20 03:30:53'),
(17,58,'blocked','video','thumbnail-1692471082853_d7ef61baee7243c0afefc784e7279f9d_13.png','1692471082853_d7ef61baee7243c0afefc784e7279f9d.MP4','Faster\r\n\r\n\r\nwear. @depst','snowboard,groundtrick,','2023-08-20 03:52:38','2023-08-20 03:52:38'),
(18,41,'경기 용인시 기흥구','image',NULL,'1692546292798_wallpaper_ironman_14.jpg','아크원자로\n아이언맨\n천재과학자\n로버트다우니주니어','아크,아크원자로,아이언맨,천재과학자,로버트다우니주니어,','2023-08-21 00:44:52','2023-08-29 16:23:57'),
(19,58,'blocked','image',NULL,'1692625295234_wallpaper_sunset.jpg','오늘도 고생했어요-','고생했다,','2023-08-21 22:41:35','2023-08-21 22:41:35'),
(20,56,'경기 용인시 기흥구','image',NULL,'1692625411401_wallpaper_planet.jpg',' ',',','2023-08-21 22:43:31','2023-08-21 22:43:31'),
(21,50,'blocked','image',NULL,'1692626239729_ê°ìì¥.png','우리집 귀요미!','말티즈,댕댕이,','2023-08-21 22:57:19','2023-08-21 22:57:19'),
(22,50,'blocked','image',NULL,'1692637723361_126-1269205_report-abuse-iphone-wallpaper-hip-hop.png','Swagggg','swag,','2023-08-22 02:08:43','2023-08-22 02:08:43'),
(23,50,'경기 화성시','image',NULL,'1692637850913_wallpaper_ironman_07.jpg','BaaaaaaaaaaaaaaaaaaaaaaaaaaaaaaaaaaaaaaaaaaaaaaaaaaaaaaaaaaaaaaaaaaaM','Baam,','2023-08-22 02:10:50','2023-08-22 02:10:50'),
(24,50,'blocked','image',NULL,'1692638153255_wallpaper_ironman_08.jpg','wwwwwwwwwwwwwwwwwwwwwwwwwwwwwwwwwwwwwwwww\r\nwwwwwwwwwwwwwwwwwwwwwwwwwwwwwwwwwwwwwwwwww','www,ww,w,','2023-08-22 02:15:53','2023-08-22 02:15:53'),
(25,50,'blocked','image',NULL,'1692638207430_wallpaper_cherryblossom.jpg','괜찮아.','괜찮아,','2023-08-22 02:16:47','2023-08-22 02:16:47'),
(26,58,'blocked','video','thumbnail-1692722150671_KakaoTalk_20230823_003115437_6.png','1692722150671_KakaoTalk_20230823_003115437.mp4','캠핑장 갔는데,\r\n매점 앞 바스켓에\r\n이 귀여운 생명체가 있는거임!!!\r\n진짜 너무 귀엽지....\r\n너무 곤히 자서 조용히 촬영했음','몽산포,몽산포해수욕장,고양이,치즈,코리안숏헤어,코숏,','2023-08-23 01:38:57','2023-08-23 01:38:57'),
(27,56,'경기 용인시 기흥구','image',NULL,'1692723761789_wp2529535-16k-wallpapers.jpg','complex','complex,','2023-08-23 02:02:41','2023-08-23 02:02:41'),
(28,50,'blocked','image',NULL,'1692724097499_KakaoTalk_20230823_003116166.png','많은 것을 느끼게 하는 문구',',','2023-08-23 02:08:17','2023-08-23 02:08:17'),
(29,50,'경기 화성시','image',NULL,'r_1692725246092_11729.jpg','또 가고 싶다...','뉴질랜드,','2023-08-23 02:27:26','2023-08-23 02:27:26'),
(30,43,'blocked','image',NULL,'r_1692725539125_KakaoTalk_20230823_003122524.jpg','안도타다오\r\n자연과의 조화\r\n\'물\'은 얕고 조용하며 잔잔하다.','안도타다오,뮤지엄산,자연과의조화,물,물은얕고조용하며잔잔하다,','2023-08-23 02:32:19','2023-08-23 02:32:19'),
(31,43,'blocked','image',NULL,'r_1692725706120_KakaoTalk_20230823_003121398.jpg','건축과 직선','안도타다오,뮤지엄산,건축,직선,','2023-08-23 02:35:06','2023-08-23 02:35:06'),
(32,43,'blocked','image',NULL,'r_1692726000977_KakaoTalk_20230823_003119448.jpg','트라이앵글...\r\n한번에 담지 못해 너무 아쉬웠다.','안도타다오,뮤지엄산,','2023-08-23 02:40:01','2023-08-23 02:40:01'),
(33,43,'경기 용인시 기흥구','image',NULL,'r_1692726070273_KakaoTalk_20230823_003120467.jpg','백남준\r\nPaik Nam-june','백남준,','2023-08-23 02:41:10','2023-08-23 02:41:10'),
(34,43,'blocked','video','thumbnail-1692726094408_KakaoTalk_20230823_002829089_1.png','1692726094408_KakaoTalk_20230823_002829089.mp4','ㅋㅋㅋㅋㅋ\r\n위글위글위글','위글,위글위글,위글위글위글,','2023-08-23 02:42:20','2023-08-23 02:42:20'),
(35,44,'blocked','image',NULL,'r_1692726350493_KakaoTalk_20230823_002857691.jpg','Fishing...','Fishing,','2023-08-23 02:45:51','2023-08-23 02:45:51'),
(36,44,'blocked','video','thumbnail-1692726369748_KakaoTalk_20230823_002922403_1.png','1692726369748_KakaoTalk_20230823_002922403.mp4','먹방각\r\n배고파','먹방,배고파,배고파,배고파,배고파,배고파,배고파,배고파,배고파,배고파,','2023-08-23 02:46:43','2023-08-23 02:46:43'),
(37,44,'blocked','image',NULL,'1692726737597_KakaoTalk_20230823_002843976.gif','wowwwwwwww\r\nwowwwwwwww\r\nwowwwwwwww\r\nwowwwwwwww\r\nwowwwwwwww\r\nwowwwwwwww','wow,wow,wow,wow,wow,wow,wow,wow,wow,wow,','2023-08-23 02:52:17','2023-08-23 02:52:17'),
(38,44,'blocked','image',NULL,'1692726836459_monn.gif','countingstar','countingstar,','2023-08-23 02:53:56','2023-08-23 02:53:56'),
(39,58,'blocked','image',NULL,'r_1692863050629_KakaoTalk_20230823_003122524.jpg/r_1692863050662_KakaoTalk_20230823_003121398.jpg','슬라이드 테스트','슬라이드,','2023-08-24 16:44:11','2023-08-24 16:44:11'),
(40,58,'blocked','image',NULL,'r_1692863118398_KakaoTalk_20230823_003121398.jpg/r_1692863118424_KakaoTalk_20230823_003122524.jpg','revoke test','revoke,','2023-08-24 16:45:19','2023-08-24 16:45:19'),
(46,58,'blocked','video','thumbnail-1692869428063_IMG_0763_1.png','1692869428063_IMG_0763.MOV','눈 밟고 싶다...\r\n뽀드득\r\n뽀드득','snow,snowboard,','2023-08-24 18:31:22','2023-08-24 18:31:22'),
(59,58,'blocked','image',NULL,'1693190972931_wallpaper_ironman_10.jpg','ggg','ggg,ggg,ggg,ggg,','2023-08-28 11:49:32','2023-08-28 11:49:32'),
(60,58,'경기 용인시 기흥구','image',NULL,'1693191165684_wallpaper_blue_rotation.jpg/1693191165701_wallpaper_dark_rotation.jpg','black holes',',','2023-08-28 11:52:45','2023-08-28 11:52:45'),
(61,58,'blocked','image',NULL,'1693195326117_wallpaper_explanet.jpg','space\nspace\nspace\nin to the deep','space,infinity,space,infinity,deep,','2023-08-28 13:02:06','2023-08-28 21:27:12'),
(67,41,'blocked','image',NULL,'r_1693297878692_KakaoTalk_20230823_003117600.jpg','\r\n고\r\n먐\r\n미','귀여워,','2023-08-29 17:31:19','2023-08-29 17:31:19'),
(68,56,'blocked','image',NULL,'1693314802093_KakaoTalk_20230829_142432851.jpg','안녕?\r\n내 이름은 뭉치!\r\n말티쥬지!','뭉치,말티즈,','2023-08-29 22:13:22','2023-08-29 22:13:22'),
(69,56,'blocked','image',NULL,'1693315168746_KakaoTalk_20230829_142432851_01.jpg','배고파다\r\n밥 죠라!!\r\n밥을 주지 않는다면...\r\n가만히 있지 않을 것이다!','뭉치,배고픈뭉치,말티즈,밥죠라,','2023-08-29 22:19:28','2023-08-29 22:19:28'),
(70,56,'blocked','video','thumbnail-1693321047602_KakaoTalk_20230829_142437854_2.png','1693321047602_KakaoTalk_20230829_142437854.mp4','여기서 낯선 냄새가 나!','뭉치,말티즈,산책,낯선강아지의냄새,','2023-08-29 23:59:26','2023-08-29 23:59:26'),
(71,56,'blocked','image',NULL,'1693322748295_AdobeStock_212879665-1024x670.jpeg','오늘은 공원에 놀러가써!?\r\n신나게 뛰어 놀았어!?','뭉치,말티즈,공원놀러감,','2023-08-30 00:25:48','2023-08-30 00:25:48'),
(72,50,'blocked','image',NULL,'1693369111523_KakaoTalk_20230829_142432851_05.jpg','우리집~\r\n순대킴 귀여워?','고양이,순대,순대킴,장화신은고양이,','2023-08-30 13:18:31','2023-08-30 13:18:31'),
(73,50,'blocked','image',NULL,'1693369199930_KakaoTalk_20230829_142432851_02.jpg','난 복슬복슬 순대\r\n살이 아니라 털 찐거라구!','고양이,순대,순대킴,스트릿출신,','2023-08-30 13:19:59','2023-08-30 13:19:59'),
(74,50,'blocked','image',NULL,'1693369462916_KakaoTalk_20230829_142432851_03.jpg','모? 몰봐?\r\n여기가 얼마나 아늑한데!?','고양이,순대,순대킴,스트릿출신,','2023-08-30 13:24:22','2023-08-30 13:24:22'),
(75,50,'경기 화성시','image',NULL,'1693369544490_KakaoTalk_20230829_142432851_04.jpg','앗 들킴?','고양이,순대,순대킴,스트릿,스트릿출신,','2023-08-30 13:25:44','2023-08-30 13:25:44'),
(76,50,'경기 화성시','video','thumbnail-1693369781917_ìëí´_7.png','1693369781917_ìëí´.mp4','간들지마라냥?','고양이,순대,순대킴,스트릿,스트릿출신,','2023-08-30 13:31:02','2023-08-30 13:31:02'),
(77,43,'blocked','video','thumbnail-1693371906126_ìµë¬´ëì²­ìì¤_1.png','1693371906126_ìµë¬´ëì²­ìì¤.mp4','청소중?','앵무새,청소,방해하지마,','2023-08-30 14:06:11','2023-08-30 14:06:11'),
(78,50,'blocked','image',NULL,'r_1693373619183_IMG_3210.jpg','길냥이도 너무 덥나봐..?\r\n웅크리고 자구 있더라','고양이,길냥이,길고양이,','2023-08-30 14:33:39','2023-08-30 14:33:39'),
(79,50,'blocked','image',NULL,'r_1693373668071_IMG_3213.jpg','아까 자던 고양이 있지!?\r\n그 아이 엄만가봐!!\r\n이 친구는 완전 시크함','고양이,길냥이,','2023-08-30 14:34:28','2023-08-30 14:34:28'),
(80,50,'blocked','image',NULL,'r_1693373743141_IMG_3214.jpg','뒤통수봐....\r\n너무 귀여워...\r\n쓰다듬고 싶당','고양이,길냥이,','2023-08-30 14:35:43','2023-08-30 14:35:43'),
(81,50,'blocked','image',NULL,'r_1693373832318_IMG_2486.jpg','이번엔 모카야!\r\n너무 모카 같지? ㅋㅋㅋ?','고양이,모카,샴고양이,','2023-08-30 14:37:12','2023-08-30 14:37:12'),
(82,50,'blocked','image',NULL,'r_1693373927241_IMG_2488.jpg/r_1693373927263_IMG_2489.jpg/r_1693373927283_IMG_2490.JPG','이 아이는 뽀미!\r\n모카와 다르게 수줍어 하는 친구야\r\n다가갈 땐 조심조심 다가가야해?','고양이,뽀미,','2023-08-30 14:38:48','2023-08-30 14:38:48'),
(83,50,'blocked','image',NULL,'r_1693374092210_IMG_2493.jpg/r_1693374092245_IMG_2494.jpg/r_1693374092251_IMG_2495.jpg/r_1693374092271_IMG_2496.jpg','뽀미보다 더 수줍은 친구야\r\n자꾸 나 보면 도망가...?\r\n난 친해지고 싶은데\r\n이름은 아리야!\r\n너무 예쁜 이름이지?','고양이,아리,','2023-08-30 14:41:34','2023-08-30 14:41:34'),
(84,50,'blocked','image',NULL,'r_1693374470818_IMG_7350.jpg','길 가던 중에\r\n식빵 굽는 아이가 있었어\r\n너무 귀엽찤ㅋㅋㅋㅋ','고양이,길냥이,코숏,코리안숏헤어,','2023-08-30 14:47:51','2023-08-30 14:47:51'),
(85,50,'blocked','image',NULL,'1693374557240_pngtree-a-kitten-png-image_4473379.jpg','고양이 누끼','고양이,','2023-08-30 14:49:17','2023-08-30 14:49:17'),
(86,50,'blocked','image',NULL,'1693376618378_pngtree-a-kitten-png-image_4473379.png','누끼누끼','고양이,길냥이,누끼,','2023-08-30 15:23:38','2023-08-30 15:23:38'),
(87,58,'blocked','video','thumbnail-1693465903500__ryo.__717 2023-05-17T193141_7.png','1693465903500__ryo.__717 2023-05-17T193141.mp4','보타싶','보타싶,스노우보드,snowboard,','2023-08-31 16:12:31','2023-08-31 16:12:31'),
(89,58,'blocked','video','thumbnail-1693564196913_shinji6261981 2022-09-13T175927_1.png','1693564196913_shinji6261981 2022-09-13T175927.mp4','진짜... 너무 간지남','스노우보드,snowboard,그라운드트릭,groundtrick,','2023-09-01 19:30:33','2023-09-01 19:30:33'),
(90,58,'경기 화성시','video','thumbnail-1693564271541_la_chaine_film_works 2022-11-25T193851_3.png','1693564271541_la_chaine_film_works 2022-11-25T193851.mp4','아마네 후지타?','스노우보드,그라운드트릭,snowboard,ground,groundtrick,','2023-09-01 19:32:23','2023-09-01 19:32:23'),
(91,58,'blocked','video','thumbnail-1693565256933_la_chaine_film_works 2022-12-29T192958_1.png','1693565256933_la_chaine_film_works 2022-12-29T192958.mp4','레이','스노우보드,그라운드,그라운드트릭,','2023-09-01 19:48:13','2023-09-01 19:48:13'),
(92,58,'blocked','video','thumbnail-1693565346849_spread_snow 2023-05-17T204832_1.png','1693565346849_spread_snow 2023-05-17T204832.mp4','누구더라..?\r\n암튼 너무 가볍게 잘탐..\r\n이렇게 타고 싶음!','스노우보드,스노우,그라운드,그라운드트릭,','2023-09-01 19:49:54','2023-09-01 19:49:54'),
(93,58,'blocked','video','thumbnail-1693565448135_spread_snow 2023-05-27T204051_2.png','1693565448135_spread_snow 2023-05-27T204051.mp4','탭','스노우보드,그라운드트릭,그라운드,snowboard,groundtrick,ground,','2023-09-01 19:52:17','2023-09-01 19:52:17'),
(94,58,'blocked','video','thumbnail-1693565569558_sweetjacck 2023-05-26T230643_4.png','1693565569558_sweetjacck 2023-05-26T230643.mp4','swag','snowboard,snow,groundtrick,ground,','2023-09-01 19:53:18','2023-09-01 19:53:18'),
(97,58,'blocked','video','thumbnail-1693565921036_yir_nv411 2023-05-17T190258_1.png','1693565921036_yir_nv411 2023-05-17T190258.mp4','Duo','snow,snowboard,ground,groundtrick,','2023-09-01 19:59:30','2023-09-01 19:59:30'),
(99,58,'blocked','video','thumbnail-1693582872032_kyohei__kyogoku 2023-04-14T190000_2.png','1693582872032_kyohei__kyogoku 2023-04-14T190000.mp4','shift','snow,snowboard,ground,groundtrick,','2023-09-02 00:41:33','2023-09-02 00:41:33'),
(100,41,'blocked','image',NULL,'1693732428206_9232f6b3ed4b7fa77f72b927eee9fb6f_t.jpeg','귀요미들','귀요미,고양이,','2023-09-03 18:13:48','2023-09-03 18:13:48'),
(101,43,'경기 화성시','video','thumbnail-1693844538569_IMG_8262_2.png','1693844538569_IMG_8262.MOV','캠핑 가고 싶다...\r\n캠핑?️','캠핑,가고싶어요,가고싶엉,','2023-09-05 01:23:21','2023-09-05 01:23:21'),
(102,65,'blocked','image',NULL,'r_1693936064010_IMG_3121.jpg','데빌몽','서머너즈워,데빌몬,','2023-09-06 02:47:44','2023-09-06 02:47:44'),
(103,65,'blocked','image',NULL,'1693971867931_26ffdde9810a84e6e9cb782b7bb0eef5_t.jpeg/1693971867932_9232f6b3ed4b7fa77f72b927eee9fb6f_t.jpeg','왜용','고양이,왜용,','2023-09-06 12:44:27','2023-09-06 12:44:27'),
(104,65,'blocked','video','thumbnail-1693971894725_ëì§ì³¤ì´_7.png','1693971894725_ëì§ì³¤ì´.mp4','I\'m so tired!?\nall the time','강아지,지쳤어,','2023-09-06 12:45:52','2023-09-10 18:36:06'),
(105,65,'blocked','video','thumbnail-1694145600781_KakaoTalk_20230908_113934521_2.png','1694145600781_KakaoTalk_20230908_113934521.mp4','ㅋㅋㅋㅋㅋㅋㅋㅋㅋ','스케이트보드,스켚,어려움,','2023-09-08 13:00:23','2023-09-08 13:00:23'),
(106,65,'blocked','image',NULL,'r_1694338491898_IMG_7356.jpg','해남 또 가고 싶다..','해남,땅끝마을,풀빌라,','2023-09-10 18:34:52','2023-09-10 18:34:52');

/*Data for the table `subscribe` */

insert  into `subscribe`(`id`,`userId`,`endpoint`,`expirationTime`,`p256dh`,`auth`) values 
(12,65,'https://fcm.googleapis.com/fcm/send/frwIm8n6Gbs:APA91bHWvuB8w0geTiw6mM-ZZwQ8TR0iwf7aF9KGsrE_VIfHY_8U6gIKn5pmdHpvVCdl1aAS2e-oKBKKnA1lGope15bxDV1SMj_WiFpe0N4RS0Y6IxJzJYE8FC2G8vdXVvSXdrm0JUc1',NULL,'BPx6lsYUCnYna4qq-UMb-wMtETgMaIg-Cir-yvGh1TvwJ2tnBLR1WWChhmhqGCUF8uTLKyxx50VyCGtBsCuNRIE','xO8BAUSDrjbEsF3jkl7eCA'),
(13,65,'https://fcm.googleapis.com/fcm/send/cID4ae5QRYU:APA91bHtSAURXTMhUh1TBdwQG30ZcFWU3CGl29jGoWEEUeUd_44LjqPjC9D3gpg6euUJdnISzTfDWB681LW-5RBr6qkwfe6wOGcrVAwFWErnv4_wIQd2NTU-Q_X17FGtLKtJrCmruT-J',NULL,'BBK6wtm2nUPZvO3Z15nZeHm8sKFkbLnzb7xzGNmZcPKAtmNbdwyYbCjBIBEPE7aPWVmnhULHNTLI7H7V2QfqLps','IhcYmlTpyFhsFVSahvAT_g');

/*Data for the table `tags` */

insert  into `tags`(`socialId`,`tag`) values 
(1,'realtime'),
(1,'streaming'),
(1,'tikitaka'),
(1,'tt'),
(2,'seodev'),
(2,'더워'),
(5,'groundtrick'),
(5,'snowboard'),
(5,'tikitaka'),
(5,'그라운드트릭'),
(5,'스노우보드'),
(7,'First'),
(7,'Post'),
(8,'서머너즈워'),
(8,'컴투스'),
(8,'폭주망겜'),
(9,'Ganzi'),
(9,'간지'),
(9,'아이언맨'),
(11,'tikitaka'),
(11,'video'),
(11,'비디오'),
(11,'티키타카'),
(13,'보타싶'),
(13,'스노우보드'),
(13,'힐올리'),
(15,'그라운드트릭'),
(15,'스노우보드'),
(16,'Test'),
(16,'Upload'),
(17,'groundtrick'),
(17,'snowboard'),
(18,'로버트다우니주니어'),
(18,'아이언맨'),
(18,'아크'),
(18,'아크원자로'),
(18,'천재과학자'),
(19,'고생했다'),
(21,'댕댕이'),
(21,'말티즈'),
(22,'swag'),
(23,'Baam'),
(24,'w'),
(24,'ww'),
(24,'www'),
(25,'괜찮아'),
(26,'고양이'),
(26,'몽산포'),
(26,'몽산포해수욕장'),
(26,'치즈'),
(26,'코리안숏헤어'),
(26,'코숏'),
(27,'complex'),
(29,'뉴질랜드'),
(30,'물'),
(30,'물은얕고조용하며잔잔하다'),
(30,'뮤지엄산'),
(30,'안도타다오'),
(30,'자연과의조화'),
(31,'건축'),
(31,'뮤지엄산'),
(31,'안도타다오'),
(31,'직선'),
(32,'뮤지엄산'),
(32,'안도타다오'),
(33,'백남준'),
(34,'위글'),
(34,'위글위글'),
(34,'위글위글위글'),
(35,'Fishing'),
(36,'먹방'),
(36,'배고파'),
(37,'wow'),
(38,'countingstar'),
(39,'슬라이드'),
(40,'revoke'),
(46,'snow'),
(46,'snowboard'),
(59,'ggg'),
(61,'deep'),
(61,'infinity'),
(61,'space'),
(67,'귀여워'),
(68,'말티즈'),
(68,'뭉치'),
(69,'말티즈'),
(69,'뭉치'),
(69,'밥죠라'),
(69,'배고픈뭉치'),
(70,'낯선강아지의냄새'),
(70,'말티즈'),
(70,'뭉치'),
(70,'산책'),
(71,'공원놀러감'),
(71,'말티즈'),
(71,'뭉치'),
(72,'고양이'),
(72,'순대'),
(72,'순대킴'),
(72,'장화신은고양이'),
(73,'고양이'),
(73,'순대'),
(73,'순대킴'),
(73,'스트릿출신'),
(74,'고양이'),
(74,'순대'),
(74,'순대킴'),
(74,'스트릿출신'),
(75,'고양이'),
(75,'순대'),
(75,'순대킴'),
(75,'스트릿'),
(75,'스트릿출신'),
(76,'고양이'),
(76,'순대'),
(76,'순대킴'),
(76,'스트릿'),
(76,'스트릿출신'),
(77,'방해하지마'),
(77,'앵무새'),
(77,'청소'),
(78,'고양이'),
(78,'길고양이'),
(78,'길냥이'),
(79,'고양이'),
(79,'길냥이'),
(80,'고양이'),
(80,'길냥이'),
(81,'고양이'),
(81,'모카'),
(81,'샴고양이'),
(82,'고양이'),
(82,'뽀미'),
(83,'고양이'),
(83,'아리'),
(84,'고양이'),
(84,'길냥이'),
(84,'코리안숏헤어'),
(84,'코숏'),
(85,'고양이'),
(86,'고양이'),
(86,'길냥이'),
(86,'누끼'),
(87,'snowboard'),
(87,'보타싶'),
(87,'스노우보드'),
(89,'groundtrick'),
(89,'snowboard'),
(89,'그라운드트릭'),
(89,'스노우보드'),
(90,'ground'),
(90,'groundtrick'),
(90,'snowboard'),
(90,'그라운드트릭'),
(90,'스노우보드'),
(91,'그라운드'),
(91,'그라운드트릭'),
(91,'스노우보드'),
(92,'그라운드'),
(92,'그라운드트릭'),
(92,'스노우'),
(92,'스노우보드'),
(93,'ground'),
(93,'groundtrick'),
(93,'snowboard'),
(93,'그라운드'),
(93,'그라운드트릭'),
(93,'스노우보드'),
(94,'ground'),
(94,'groundtrick'),
(94,'snow'),
(94,'snowboard'),
(97,'ground'),
(97,'groundtrick'),
(97,'snow'),
(97,'snowboard'),
(99,'ground'),
(99,'groundtrick'),
(99,'snow'),
(99,'snowboard'),
(100,'고양이'),
(100,'귀요미'),
(101,'가고싶어요'),
(101,'가고싶엉'),
(101,'캠핑'),
(102,'데빌몬'),
(102,'서머너즈워'),
(103,'고양이'),
(103,'왜용'),
(104,'강아지'),
(104,'지쳤어'),
(105,'스케이트보드'),
(105,'스켚'),
(105,'어려움'),
(106,'땅끝마을'),
(106,'풀빌라'),
(106,'해남');

/*Data for the table `user` */

insert  into `user`(`id`,`type`,`userId`,`email`,`password`,`nick`,`phone`,`desc`,`regist`,`birth`,`profile`,`login`) values 
(1,'App','admin','seodev17@gmail.com','$2b$10$9mDtMeRgr/Jttvg4/fsNzuOClwrgr3Q41Bt8geo2VOn51nnoHe3yu','tikitaka','010-1234-5678','Tikitaka 전용 계정\nTikitaka 에 오신 것을 환영합니다.\n불편한 사항 있으시면 언제든 말씀해주세요!','2023-06-24 05:10:25','2023-08-28','1691052696447_tikitaka-mini.png','2023-09-10 12:58:22'),
(41,'App','blackahwin@gmail.com','blackahwin@gmail.com','$2b$10$QmvLpG2.mOayhNgwpZp7t.haBXp1RG2aRrRjWcrdYb8tQRB9F2YTS','가나다라마바사아자카타파',NULL,'가나다라마바사아자카타파하\n한글을 사랑하는 사람?','2023-07-30 12:53:37','1992-08-28','r_1693558485722_26ffdde9810a84e6e9cb782b7bb0eef5_t.jpeg',NULL),
(43,'google','118283142000627328981','blackahwin@gmail.com',NULL,'dv S',NULL,'Front-end developer\n- html\n- css\n- Javscript\n- react\n- typescript','2023-07-30 13:04:16','1900-01-01','https://lh3.googleusercontent.com/a/AAcHTtdmi4gKs49bR8meng0Vmz2xutuMAbBeTR7paAg5DAQebwSy=s96-c','2023-09-10 12:52:15'),
(44,'google','114479782816520494643','seodev17@gmail.com',NULL,'dev seo',NULL,'','2023-07-30 13:05:00','1900-01-01','https://lh3.googleusercontent.com/a/AAcHTteFC6N0rFmuo0hmUQT9yCq4dIfOiTqOQ1eMD8tG2ne2VA=s96-c',NULL),
(50,'kakao','2936815742',NULL,NULL,'Jinwon',NULL,'jinwon\n고양이를 좋아하는 집사','2023-07-30 13:11:22','1900-01-01','r_1691074827832_DBhxaXb.jpg',NULL),
(56,'naver','FMOq5I8vq74YRHCwql9vvdw4H6QAf0SDhvqQTFcFFEo','blackahwin@gmail.com',NULL,'naver',NULL,'네이버 전용 계정\n네이버로 가입하시면...\n네이버로 가입됩니다.','2023-07-30 16:25:30','2023-01-01','r_1691233080546_wallpaper_ironman_11.jpg',NULL),
(58,'github','104405313',NULL,NULL,'seodevv',NULL,'Lorem\nLorem\nLorem\nLorem\nLorem\nLorem\nLorem','2023-07-31 13:35:00','1900-01-01','https://avatars.githubusercontent.com/u/104405313?v=4',NULL),
(65,'App','blackahwin@naver.com','blackahwin@naver.com','$2b$10$h8Pn5DKmqAreecX7wXyhNus8xc/fNO8Q6dYNQY72.yxByI6kuucSi','오징어',NULL,'까마귀는 까악까악?\n오징어는 오징오징?','2023-09-01 18:42:54','1900-01-01','profile.png',NULL);

/*!40101 SET SQL_MODE=@OLD_SQL_MODE */;
/*!40014 SET FOREIGN_KEY_CHECKS=@OLD_FOREIGN_KEY_CHECKS */;
/*!40014 SET UNIQUE_CHECKS=@OLD_UNIQUE_CHECKS */;
/*!40111 SET SQL_NOTES=@OLD_SQL_NOTES */;
